text,favorited,favoriteCount,replyToSN,created,truncated,replyToSID,id,replyToUID,statusSource,screenName,retweetCount,isRetweet,retweeted,longitude,latitude,original_text
marlen yesterday beautiful berkeley mayor jessearreguin next governor ca antonioca ,FALSE,0,,2017-07-27T14:42:49Z,TRUE,,890583257447882752,,"<a href=""http://twitter.com/download/android"" rel=""nofollow"">Twitter for Android</a>",rossgomez,0,FALSE,FALSE,,,"Marlen and i, yesterday in beautiful #Berkeley with Mayor @JesseArreguin and our next Governor of #CA @antonio4ca.‚Ä¶ https://t.co/pphY5nnIDa"
rt astrojose great event oakland tertulia cafe tertuliacoffee future california governor antonio villaraigosa antonioca ht,FALSE,0,,2017-07-27T03:52:25Z,FALSE,,890419578668539905,,"<a href=""http://twitter.com/download/android"" rel=""nofollow"">Twitter for Android</a>",AlmaPChavez,2,TRUE,FALSE,,,RT @Astro_Jose: Great event in Oakland at Tertulia Cafe @TertuliaCoffee with future California governor Antonio Villaraigosa @antonio4ca ht‚Ä¶
rt astrojose great event oakland tertulia cafe tertuliacoffee future california governor antonio villaraigosa antonioca ht,FALSE,0,,2017-07-27T03:44:34Z,FALSE,,890417602962567168,,"<a href=""http://twitter.com/download/iphone"" rel=""nofollow"">Twitter for iPhone</a>",Skyseaa,2,TRUE,FALSE,,,RT @Astro_Jose: Great event in Oakland at Tertulia Cafe @TertuliaCoffee with future California governor Antonio Villaraigosa @antonio4ca ht‚Ä¶
excelente evento en oakland en tertulia cafe tertuliacoffee con nuestro futuro gobernador de california antonio vi ,FALSE,48,,2017-07-27T03:43:23Z,TRUE,,890417306328862721,,"<a href=""http://www.hootsuite.com"" rel=""nofollow"">Hootsuite</a>",Astro_Jose,5,FALSE,FALSE,,,Excelente evento en Oakland en Tertulia Cafe @TertuliaCoffee con nuestro futuro Gobernador de California Antonio Vi‚Ä¶ https://t.co/uoMaCrDy3Q
great event oakland tertulia cafe tertuliacoffee future california governor antonio villaraigosa ,FALSE,33,,2017-07-27T03:40:57Z,TRUE,,890416693150961664,,"<a href=""http://www.hootsuite.com"" rel=""nofollow"">Hootsuite</a>",Astro_Jose,2,FALSE,FALSE,,,Great event in Oakland at Tertulia Cafe @TertuliaCoffee with future California governor Antonio Villaraigosa‚Ä¶ https://t.co/vmljKs2G6r
 going deny daca students path education antonioca daca immigration california,FALSE,1,,2017-07-27T02:05:12Z,FALSE,,890392595301490688,,"<a href=""http://twitter.com/download/iphone"" rel=""nofollow"">Twitter for iPhone</a>",_lavere3,0,FALSE,FALSE,,,"""We're not going to deny DACA students their path to education."" -@antonio4ca #daca #immigration #california"
california going stand firm going deny daca kids education cops trained ,FALSE,0,,2017-07-27T02:03:48Z,TRUE,,890392246163456000,,"<a href=""http://twitter.com/download/iphone"" rel=""nofollow"">Twitter for iPhone</a>",ChroniclesOfAzu,0,FALSE,FALSE,,,"""California is going to stand firm we're not going to deny #DACA kids an education, our cops are not trained to be‚Ä¶ https://t.co/Ucwt1Qdh8S"
 going stand firm healthcare going ca way antonioca oakland healthcare,FALSE,0,,2017-07-27T02:03:08Z,FALSE,,890392078848360448,,"<a href=""http://twitter.com/download/iphone"" rel=""nofollow"">Twitter for iPhone</a>",_lavere3,0,FALSE,FALSE,,,"""We're going to stand firm [on healthcare] and we're going to do it the CA way""- @antonio4ca #oakland #healthcare"
antonioca will support csu stockton need put colleges everywhere epifanialyl founderslife writerslife latinaboss,FALSE,0,antonio4ca,2017-07-27T01:49:37Z,FALSE,,890388674059292673,607856488,"<a href=""http://twitter.com/download/android"" rel=""nofollow"">Twitter for Android</a>",nicolemdeinzer,0,FALSE,FALSE,,,@antonio4ca I will support a CSU in #Stockton! We need to put colleges everywhere. #epifanialyl #founderslife #writerslife #latinaboss
antonioca wants put housing transportation fund together thank epifanialyl founderslife writerslife latinaboss,FALSE,0,antonio4ca,2017-07-27T01:46:52Z,FALSE,,890387985262182400,607856488,"<a href=""http://twitter.com/download/android"" rel=""nofollow"">Twitter for Android</a>",nicolemdeinzer,0,FALSE,FALSE,,,@antonio4ca wants to put a #housing and #Transportation fund together. Thank you! #epifanialyl #founderslife #writerslife #latinaboss
antonioca speaking voters oakland forget vote know options governor  ,FALSE,1,antonio4ca,2017-07-27T01:46:10Z,TRUE,,890387805775339521,607856488,"<a href=""http://twitter.com/download/iphone"" rel=""nofollow"">Twitter for iPhone</a>",christianarana,0,FALSE,FALSE,,,@antonio4ca speaking to voters in #Oakland. Don't forget to vote and know your options for governor! #2018‚Ä¶ https://t.co/lCm4LBd8EF
rt chroniclesofazu conversation antonioca happening now tertuliacoffee oakland mayor libbyschaaf attendance well,FALSE,0,,2017-07-27T01:43:08Z,FALSE,,890387044169523200,,"<a href=""http://twitter.com/download/android"" rel=""nofollow"">Twitter for Android</a>",nicolemdeinzer,3,TRUE,FALSE,,,RT @ChroniclesOfAzu: A conversation with @antonio4ca happening now at @TertuliaCoffee in Oakland. Mayor @LibbySchaaf in attendance as well‚Ä¶
rt chroniclesofazu conversation antonioca happening now tertuliacoffee oakland mayor libbyschaaf attendance well,FALSE,0,,2017-07-27T01:22:55Z,FALSE,,890381954926780416,,"<a href=""http://twitter.com/download/iphone"" rel=""nofollow"">Twitter for iPhone</a>",antonio4ca,3,TRUE,FALSE,,,RT @ChroniclesOfAzu: A conversation with @antonio4ca happening now at @TertuliaCoffee in Oakland. Mayor @LibbySchaaf in attendance as well‚Ä¶
listening fellow ucla alum antonioca oaklands amazing tertuliacoffee,FALSE,0,,2017-07-27T01:20:43Z,FALSE,,890381403052851200,,"<a href=""http://twitter.com/download/iphone"" rel=""nofollow"">Twitter for iPhone</a>",_lavere3,0,FALSE,FALSE,,,"Listening to fellow @UCLA alum, @antonio4ca in Oakland's amazing @TertuliaCoffee"
 conversation antonioca happening now tertuliacoffee oakland mayor libbyschaaf attendance ,FALSE,6,,2017-07-27T01:14:11Z,TRUE,,890379759921778688,,"<a href=""http://twitter.com/download/iphone"" rel=""nofollow"">Twitter for iPhone</a>",ChroniclesOfAzu,3,FALSE,FALSE,,,A conversation with @antonio4ca happening now at @TertuliaCoffee in Oakland. Mayor @LibbySchaaf in attendance as we‚Ä¶ https://t.co/utOnO7Mjoc
rt stonewallydems supporting gov johnchiangca gavinnewsom delaineeastin antonioca take poll ,FALSE,0,,2017-07-26T23:58:01Z,FALSE,,890360589205118976,,"<a href=""http://twitter.com/download/android"" rel=""nofollow"">Twitter for Android</a>",unciviltongue,3,TRUE,FALSE,,,"RT @StonewallYDems: Who are you supporting for Gov? Is it @JohnChiangCA, @GavinNewsom, @DelaineEastin or @antonio4ca? Take the poll!

https‚Ä¶"
antonioca realdonaldtrump impeachtrump impeach stopbullying justice notmore resistance sad prayers ,FALSE,2,antonio4ca,2017-07-26T22:57:43Z,FALSE,890225582524448769,890345414217547776,607856488,"<a href=""http://twitter.com/download/android"" rel=""nofollow"">Twitter for Android</a>",almaramirez69,0,FALSE,FALSE,,,@antonio4ca @realDonaldTrump #ImpeachTrump #impeach45 #stopbullying #justice #not1more #Resistance #sad #Prayers https://t.co/44pCAAvSVQ
rt antonioca enough enough time recognize comprehensive immigration reform human rights issue please join ,FALSE,0,,2017-07-26T22:54:59Z,FALSE,,890344727379230720,,"<a href=""http://twitter.com/download/iphone"" rel=""nofollow"">Twitter for iPhone</a>",lexbarbershop,7,TRUE,FALSE,,,RT @antonio4ca: Enough is enough. It's time we recognize that comprehensive immigration reform is a human rights issue. Please join. https:‚Ä¶
rt antonioca day ag attacks sanctuary cities realdonaldtrump bans transgender individuals serving military stand ,FALSE,0,,2017-07-26T22:54:44Z,FALSE,,890344662900252672,,"<a href=""http://twitter.com/download/iphone"" rel=""nofollow"">Twitter for iPhone</a>",lexbarbershop,9,TRUE,FALSE,,,"RT @antonio4ca: Same day AG attacks sanctuary cities, @realDonaldTrump bans transgender individuals from serving in the military. Stand up‚Ä¶"
rt antonioca join online town hall education july  answering questions rsvp ,FALSE,0,,2017-07-26T22:53:56Z,FALSE,,890344464346103808,,"<a href=""http://twitter.com/download/iphone"" rel=""nofollow"">Twitter for iPhone</a>",lexbarbershop,5,TRUE,FALSE,,,RT @antonio4ca: Join me for an online Town Hall on Education this July 27! I'll be answering your questions. RSVP here https://t.co/0uEEmV1‚Ä¶
 villaretardo antonioca ,FALSE,0,,2017-07-26T21:53:02Z,FALSE,,890329135914012672,,"<a href=""http://twitter.com"" rel=""nofollow"">Twitter Web Client</a>",405Antifa,0,FALSE,FALSE,,,"What about Villaretardo?
@antonio4ca https://t.co/paHffkhH1U"
 took break pr last nightdove ca politics amp gubernatorial election wantonioca ea ,FALSE,2,,2017-07-26T21:06:02Z,TRUE,,890317307762716672,,"<a href=""http://twitter.com"" rel=""nofollow"">Twitter Web Client</a>",FionaHutton,0,FALSE,FALSE,,,We took a break from PR last night--dove in CA politics &amp; the gubernatorial election w/@antonio4ca. It's not too ea‚Ä¶ https://t.co/Lj9TOhpXzN
 friend peter villegas cocacolaco introducing antonioca forum oc socal business politics california ,FALSE,1,,2017-07-26T18:56:10Z,FALSE,,890284626937135104,,"<a href=""http://twitter.com/download/iphone"" rel=""nofollow"">Twitter for iPhone</a>",OCHCC,0,FALSE,FALSE,,,Our friend Peter Villegas from @CocaColaCo introducing @antonio4ca forum. #oc #SoCal #business #politics #California https://t.co/cwj6SQHMYm
rt shermancrancer attending orange country hispanic chamber commerce governor election series antonioca smbinsiderjoe ,FALSE,0,,2017-07-26T18:46:25Z,FALSE,,890282174263328768,,"<a href=""http://twitter.com"" rel=""nofollow"">Twitter Web Client</a>",SMBInsiderJoe,1,TRUE,FALSE,,,RT @ShermanCrancer: Attending the Orange Country Hispanic Chamber of Commerce Governor election series @antonio4ca @SMBInsiderJoe https://t‚Ä¶
attending orange country hispanic chamber commerce governor election series antonioca smbinsiderjoe ,FALSE,3,,2017-07-26T18:41:01Z,FALSE,,890280814893613056,,"<a href=""http://twitter.com/download/iphone"" rel=""nofollow"">Twitter for iPhone</a>",ShermanCrancer,1,FALSE,FALSE,,,Attending the Orange Country Hispanic Chamber of Commerce Governor election series @antonio4ca @SMBInsiderJoe https://t.co/aEkPGfnOUW
rt stonewallydems supporting gov johnchiangca gavinnewsom delaineeastin antonioca take poll ,FALSE,0,,2017-07-26T18:39:54Z,FALSE,,890280534697402368,,"<a href=""http://twitter.com/download/iphone"" rel=""nofollow"">Twitter for iPhone</a>",WeHoGuardian,3,TRUE,FALSE,,,"RT @StonewallYDems: Who are you supporting for Gov? Is it @JohnChiangCA, @GavinNewsom, @DelaineEastin or @antonio4ca? Take the poll!

https‚Ä¶"
rt antonioca great interview pbssocals inside oc rick reiff discussing future state campaign govern,FALSE,0,,2017-07-26T18:18:24Z,FALSE,,890275124108156928,,"<a href=""http://twitter.com"" rel=""nofollow"">Twitter Web Client</a>",PBSSoCal,1,TRUE,FALSE,,,"RT @antonio4ca: Great interview with @PBSSoCal's ""Inside OC With Rick Reiff,"" discussing the future of our state and my campaign for govern‚Ä¶"
 set antonioca forum friends cocacola oc socal ,FALSE,1,,2017-07-26T18:13:37Z,FALSE,,890273918384095232,,"<a href=""http://twitter.com/download/android"" rel=""nofollow"">Twitter for Android</a>",OCHCC,0,FALSE,FALSE,,,We are all set for the @antonio4ca forum with our friends from @CocaCola #OC #SoCal https://t.co/rT0IWoTp1f
rt fhuttonassoc great antonioca office sharing ideas vision future california ,FALSE,0,,2017-07-26T17:36:26Z,FALSE,,890264562909364224,,"<a href=""http://twitter.com"" rel=""nofollow"">Twitter Web Client</a>",mjtonetti,2,TRUE,FALSE,,,RT @FHutton_Assoc: It was great having @antonio4ca in our office sharing his ideas and vision for the future of #California https://t.co/hO‚Ä¶
rt fhuttonassoc great antonioca office sharing ideas vision future california ,FALSE,0,,2017-07-26T17:30:34Z,FALSE,,890263087051194368,,"<a href=""http://twitter.com"" rel=""nofollow"">Twitter Web Client</a>",dagwag,2,TRUE,FALSE,,,RT @FHutton_Assoc: It was great having @antonio4ca in our office sharing his ideas and vision for the future of #California https://t.co/hO‚Ä¶
former la mayor amp current gubernatorial candidate antonio villaraigosa today inside oc stay tuned ,FALSE,2,,2017-07-26T17:28:00Z,TRUE,,890262439433953281,,"<a href=""http://twitter.com/download/android"" rel=""nofollow"">Twitter for Android</a>",insideoctv,1,FALSE,FALSE,,,Former LA Mayor &amp; current gubernatorial candidate Antonio Villaraigosa today with Inside OC. Stay tuned for what's‚Ä¶ https://t.co/Toww7nknua
rt antonioca day ag attacks sanctuary cities realdonaldtrump bans transgender individuals serving military stand ,FALSE,0,,2017-07-26T17:24:39Z,FALSE,,890261597045706753,,"<a href=""http://twitter.com/download/android"" rel=""nofollow"">Twitter for Android</a>",kingsfanone,9,TRUE,FALSE,,,"RT @antonio4ca: Same day AG attacks sanctuary cities, @realDonaldTrump bans transgender individuals from serving in the military. Stand up‚Ä¶"
silver lakes lapubliclibrary beautiful popular spot thanks antonioca ericgarcetti great example ,FALSE,0,DennisACrow,2017-07-26T17:24:33Z,TRUE,890256834803539968,890261571921891328,54283369,"<a href=""http://twitter.com/download/iphone"" rel=""nofollow"">Twitter for iPhone</a>",DennisACrow,0,FALSE,FALSE,,,Silver Lake's @LAPublicLibrary is a beautiful and popular spot! Thanks @antonio4ca and @ericgarcetti. Great example‚Ä¶ https://t.co/ySZeRjyNXT
 great antonioca office sharing ideas vision future california ,FALSE,5,,2017-07-26T17:06:41Z,FALSE,,890257074231287808,,"<a href=""http://twitter.com"" rel=""nofollow"">Twitter Web Client</a>",FHutton_Assoc,2,FALSE,FALSE,,,It was great having @antonio4ca in our office sharing his ideas and vision for the future of #California https://t.co/hOkZtzrij4
rt antonioca day ag attacks sanctuary cities realdonaldtrump bans transgender individuals serving military stand ,FALSE,0,,2017-07-26T16:29:03Z,FALSE,,890247602263867396,,"<a href=""http://twitter.com/download/android"" rel=""nofollow"">Twitter for Android</a>",hollywoodblvd1,9,TRUE,FALSE,,,"RT @antonio4ca: Same day AG attacks sanctuary cities, @realDonaldTrump bans transgender individuals from serving in the military. Stand up‚Ä¶"
rt antonioca day ag attacks sanctuary cities realdonaldtrump bans transgender individuals serving military stand ,FALSE,0,,2017-07-26T15:59:44Z,FALSE,,890240225863114753,,"<a href=""http://twitter.com/download/iphone"" rel=""nofollow"">Twitter for iPhone</a>",HRH_Guillermo,9,TRUE,FALSE,,,"RT @antonio4ca: Same day AG attacks sanctuary cities, @realDonaldTrump bans transgender individuals from serving in the military. Stand up‚Ä¶"
antonioca k mex usa  millions now  greatest blossemings people world history want affacti gavinnewsome,FALSE,0,antonio4ca,2017-07-26T15:39:55Z,FALSE,,890235238290300929,607856488,"<a href=""https://mobile.twitter.com"" rel=""nofollow"">Twitter Lite</a>",lochlannmatt,0,FALSE,FALSE,,,"@antonio4ca 80k Mex in USA 1860. MILLIONS now. 1 of greatest blossemings of a people in world history. But you want Aff-Acti?
@gavinnewsome"
rt antonioca day ag attacks sanctuary cities realdonaldtrump bans transgender individuals serving military stand ,FALSE,0,,2017-07-26T15:23:35Z,FALSE,,890231128811909120,,"<a href=""http://twitter.com"" rel=""nofollow"">Twitter Web Client</a>",iyamiyam,9,TRUE,FALSE,,,"RT @antonio4ca: Same day AG attacks sanctuary cities, @realDonaldTrump bans transgender individuals from serving in the military. Stand up‚Ä¶"
chroniclesofazu astrojose antonioca creo que l ser un excelente gobernador,FALSE,1,ChroniclesOfAzu,2017-07-26T15:20:26Z,FALSE,890002729229221890,890230337875230722,180200454,"<a href=""http://twitter.com/download/iphone"" rel=""nofollow"">Twitter for iPhone</a>",motito_morales,0,FALSE,FALSE,,,@ChroniclesOfAzu @Astro_Jose @antonio4ca Creo que √©l ser√° un excelente gobernador
rt antonioca day ag attacks sanctuary cities realdonaldtrump bans transgender individuals serving military stand ,FALSE,0,,2017-07-26T15:18:39Z,FALSE,,890229889290256384,,"<a href=""http://twitter.com/download/iphone"" rel=""nofollow"">Twitter for iPhone</a>",Claudia_Botero,9,TRUE,FALSE,,,"RT @antonio4ca: Same day AG attacks sanctuary cities, @realDonaldTrump bans transgender individuals from serving in the military. Stand up‚Ä¶"
rt antonioca day ag attacks sanctuary cities realdonaldtrump bans transgender individuals serving military stand ,FALSE,0,,2017-07-26T15:15:27Z,FALSE,,890229081349935104,,"<a href=""http://twitter.com"" rel=""nofollow"">Twitter Web Client</a>",TayJohnsont991,9,TRUE,FALSE,,,"RT @antonio4ca: Same day AG attacks sanctuary cities, @realDonaldTrump bans transgender individuals from serving in the military. Stand up‚Ä¶"
rt antonioca day ag attacks sanctuary cities realdonaldtrump bans transgender individuals serving military stand ,FALSE,0,,2017-07-26T15:06:55Z,FALSE,,890226934961123328,,"<a href=""http://twitter.com/download/android"" rel=""nofollow"">Twitter for Android</a>",Mariop_AmA,9,TRUE,FALSE,,,"RT @antonio4ca: Same day AG attacks sanctuary cities, @realDonaldTrump bans transgender individuals from serving in the military. Stand up‚Ä¶"
antonioca realdonaldtrump maga pos,FALSE,0,antonio4ca,2017-07-26T15:03:42Z,FALSE,890225582524448769,890226126714544128,607856488,"<a href=""http://twitter.com"" rel=""nofollow"">Twitter Web Client</a>",pimientaysalpty,0,FALSE,FALSE,,,@antonio4ca @realDonaldTrump MAGA you POS
rt antonioca day ag attacks sanctuary cities realdonaldtrump bans transgender individuals serving military stand ,FALSE,0,,2017-07-26T15:03:09Z,FALSE,,890225987115462656,,"<a href=""http://twitter.com/download/iphone"" rel=""nofollow"">Twitter for iPhone</a>",Jay_MCMLXXXIX,9,TRUE,FALSE,,,"RT @antonio4ca: Same day AG attacks sanctuary cities, @realDonaldTrump bans transgender individuals from serving in the military. Stand up‚Ä¶"
rt chroniclesofazu excited meet antonioca personal hero astrojose tomorrow oakland ,FALSE,0,,2017-07-26T14:50:45Z,FALSE,,890222865026490368,,"<a href=""http://twitter.com/download/iphone"" rel=""nofollow"">Twitter for iPhone</a>",Astro_Jose,1,TRUE,FALSE,,,"RT @ChroniclesOfAzu: Excited to meet @antonio4ca and a personal hero, @Astro_Jose tomorrow in Oakland https://t.co/LzLgMyTare"
brozoxmiswebs jorgeramosnews chumeltorres delfinagomeza ponchoromo antonioca jpcastanon embroberta ,FALSE,0,brozoxmiswebs,2017-07-26T14:24:15Z,TRUE,,890216196468953088,107120856,"<a href=""http://twitter.com"" rel=""nofollow"">Twitter Web Client</a>",PaladinFelix,0,FALSE,FALSE,,,@brozoxmiswebs @jorgeramosnews @ChumelTorres @delfinagomeza #PonchoRomo @antonio4ca @jpcastanon @EmbRoberta‚Ä¶ https://t.co/8V2ro0ZDWw
rt stonewallydems supporting gov johnchiangca gavinnewsom delaineeastin antonioca take poll ,FALSE,0,,2017-07-26T08:52:09Z,FALSE,,890132622030057472,,"<a href=""http://twitter.com/download/iphone"" rel=""nofollow"">Twitter for iPhone</a>",ChrisBowenWeHo,3,TRUE,FALSE,,,"RT @StonewallYDems: Who are you supporting for Gov? Is it @JohnChiangCA, @GavinNewsom, @DelaineEastin or @antonio4ca? Take the poll!

https‚Ä¶"
 supporting gov johnchiangca gavinnewsom delaineeastin antonioca take poll ,FALSE,5,,2017-07-26T08:51:49Z,TRUE,,890132539364569088,,"<a href=""http://twitter.com/download/iphone"" rel=""nofollow"">Twitter for iPhone</a>",StonewallYDems,3,FALSE,FALSE,,,"Who are you supporting for Gov? Is it @JohnChiangCA, @GavinNewsom, @DelaineEastin or @antonio4ca? Take the poll!‚Ä¶ https://t.co/7zDHbZKf8Z"
rt redwoodgirl checked timelines jerrybrowngov gavinnewsom johnchiangca delaineeastin antonioca none vowing prote,FALSE,0,,2017-07-26T06:01:01Z,FALSE,,890089553716850688,,"<a href=""http://twitter.com/download/android"" rel=""nofollow"">Twitter for Android</a>",DarkandWondrous,4,TRUE,FALSE,,,"RT @RedwoodGirl: I checked timelines for @JerryBrownGov, @GavinNewsom, @JohnChiangCA, @DelaineEastin. @antonio4ca: none are vowing to prote‚Ä¶"
redwoodgirl jerrybrowngov gavinnewsom johnchiangca delaineeastin antonioca laugh cry,FALSE,1,Joe_D1888,2017-07-26T05:53:00Z,FALSE,890087395462455297,890087537863258113,557440279,"<a href=""http://twitter.com"" rel=""nofollow"">Twitter Web Client</a>",Joe_D1888,0,FALSE,FALSE,,,"@RedwoodGirl @JerryBrownGov @GavinNewsom @JohnChiangCA @DelaineEastin @antonio4ca *If you don't laugh, you'll cry"
redwoodgirl jerrybrowngov gavinnewsom johnchiangca delaineeastin antonioca laugh cry ,FALSE,1,RedwoodGirl,2017-07-26T05:52:26Z,FALSE,890086926593646593,890087395462455297,15174190,"<a href=""http://twitter.com"" rel=""nofollow"">Twitter Web Client</a>",Joe_D1888,0,FALSE,FALSE,,,"@RedwoodGirl @JerryBrownGov @GavinNewsom @JohnChiangCA @DelaineEastin @antonio4ca Don't laugh, you'll cry Ì†ΩÌ∏ÇÌ†ΩÌ±ç"
joed jerrybrowngov gavinnewsom johnchiangca delaineeastin antonioca genuine lol ,FALSE,1,Joe_D1888,2017-07-26T05:50:34Z,FALSE,890086680891412481,890086926593646593,557440279,"<a href=""http://twitter.com"" rel=""nofollow"">Twitter Web Client</a>",RedwoodGirl,0,FALSE,FALSE,,,@Joe_D1888 @JerryBrownGov @GavinNewsom @JohnChiangCA @DelaineEastin @antonio4ca Genuine LOL there. Ì†ΩÌ∏Ñ
redwoodgirl jerrybrowngov gavinnewsom johnchiangca delaineeastin antonioca sound like something democrat ,FALSE,1,RedwoodGirl,2017-07-26T05:49:36Z,FALSE,890086333405724672,890086680891412481,15174190,"<a href=""http://twitter.com"" rel=""nofollow"">Twitter Web Client</a>",Joe_D1888,0,FALSE,FALSE,,,@RedwoodGirl @JerryBrownGov @GavinNewsom @JohnChiangCA @DelaineEastin @antonio4ca That doesn't sound like something a democrat would do Ì†ΩÌπÑ
joed jerrybrowngov gavinnewsom johnchiangca delaineeastin antonioca said pretty words ,FALSE,0,Joe_D1888,2017-07-26T05:48:13Z,TRUE,890085359882829827,890086333405724672,557440279,"<a href=""http://twitter.com"" rel=""nofollow"">Twitter Web Client</a>",RedwoodGirl,0,FALSE,FALSE,,,@Joe_D1888 @JerryBrownGov @GavinNewsom @JohnChiangCA @DelaineEastin @antonio4ca He's said some pretty words about i‚Ä¶ https://t.co/l2QFp5OUax
redwoodgirl jerrybrowngov gavinnewsom johnchiangca delaineeastin antonioca gavin newsom come wh ,FALSE,0,RedwoodGirl,2017-07-26T05:44:21Z,TRUE,890081211829280768,890085359882829827,15174190,"<a href=""http://twitter.com"" rel=""nofollow"">Twitter Web Client</a>",Joe_D1888,0,FALSE,FALSE,,,@RedwoodGirl @JerryBrownGov @GavinNewsom @JohnChiangCA @DelaineEastin @antonio4ca Didn't Gavin Newsom come out a wh‚Ä¶ https://t.co/D1r2DUy4jH
rt redwoodgirl checked timelines jerrybrowngov gavinnewsom johnchiangca delaineeastin antonioca none vowing prote,FALSE,0,,2017-07-26T05:37:34Z,FALSE,,890083652167622656,,"<a href=""http://twitter.com/download/iphone"" rel=""nofollow"">Twitter for iPhone</a>",SuperTwaddle,4,TRUE,FALSE,,,"RT @RedwoodGirl: I checked timelines for @JerryBrownGov, @GavinNewsom, @JohnChiangCA, @DelaineEastin. @antonio4ca: none are vowing to prote‚Ä¶"
delaineeastin jerrybrowngov gavinnewsom johnchiangca antonioca thank appreciate ,FALSE,1,DelaineEastin,2017-07-26T05:33:57Z,TRUE,890082247415447552,890082742456602624,932564756,"<a href=""http://twitter.com"" rel=""nofollow"">Twitter Web Client</a>",RedwoodGirl,0,FALSE,FALSE,,,"@DelaineEastin @JerryBrownGov @GavinNewsom @JohnChiangCA @antonio4ca Thank you for that, and I appreciate it. But I‚Ä¶ https://t.co/Y9uE5Xe6Ht"
redwoodgirl jerrybrowngov gavinnewsom johnchiangca antonioca ,FALSE,2,RedwoodGirl,2017-07-26T05:31:59Z,FALSE,890081211829280768,890082247415447552,15174190,"<a href=""http://twitter.com/download/iphone"" rel=""nofollow"">Twitter for iPhone</a>",DelaineEastin,0,FALSE,FALSE,,,@RedwoodGirl @JerryBrownGov @GavinNewsom @JohnChiangCA @antonio4ca https://t.co/n0YV8JjNs7
rt redwoodgirl checked timelines jerrybrowngov gavinnewsom johnchiangca delaineeastin antonioca none vowing prote,FALSE,0,,2017-07-26T05:30:52Z,FALSE,,890081966564888576,,"<a href=""https://about.twitter.com/products/tweetdeck"" rel=""nofollow"">TweetDeck</a>",yridea,4,TRUE,FALSE,,,"RT @RedwoodGirl: I checked timelines for @JerryBrownGov, @GavinNewsom, @JohnChiangCA, @DelaineEastin. @antonio4ca: none are vowing to prote‚Ä¶"
rt redwoodgirl checked timelines jerrybrowngov gavinnewsom johnchiangca delaineeastin antonioca none vowing prote,FALSE,0,,2017-07-26T05:29:05Z,FALSE,,890081519418474496,,"<a href=""http://twitter.com/download/android"" rel=""nofollow"">Twitter for Android</a>",dalieat,4,TRUE,FALSE,,,"RT @RedwoodGirl: I checked timelines for @JerryBrownGov, @GavinNewsom, @JohnChiangCA, @DelaineEastin. @antonio4ca: none are vowing to prote‚Ä¶"
 checked timelines jerrybrowngov gavinnewsom johnchiangca delaineeastin antonioca none vowing protect californians ,FALSE,5,RedwoodGirl,2017-07-26T05:27:52Z,FALSE,890080257205719040,890081211829280768,15174190,"<a href=""http://twitter.com"" rel=""nofollow"">Twitter Web Client</a>",RedwoodGirl,4,FALSE,FALSE,,,"I checked timelines for @JerryBrownGov, @GavinNewsom, @JohnChiangCA, @DelaineEastin. @antonio4ca: none are vowing to protect Californians. Ì†ΩÌ∏°"
rt antonioca enough enough time recognize comprehensive immigration reform human rights issue please join ,FALSE,0,,2017-07-26T03:17:26Z,FALSE,,890048385335656448,,"<a href=""http://twitter.com/download/android"" rel=""nofollow"">Twitter for Android</a>",Mariop_AmA,7,TRUE,FALSE,,,RT @antonio4ca: Enough is enough. It's time we recognize that comprehensive immigration reform is a human rights issue. Please join. https:‚Ä¶
rt stevegallaugher melissaafrancis worst mayor nyc ever seen way tie antonioca mayorofla ,FALSE,0,,2017-07-26T02:25:10Z,FALSE,,890035234762178560,,"<a href=""http://twitter.com/download/iphone"" rel=""nofollow"">Twitter for iPhone</a>",bigbirdx2,2,TRUE,FALSE,,,"RT @stevegallaugher: @MelissaAFrancis That's the worst mayor in NYC I've ever seen. It's a 3-way tie with him, @antonio4ca and @MayorOfLA @‚Ä¶"
rt antonioca talk two californias mean ,FALSE,0,,2017-07-26T02:17:19Z,FALSE,,890033259693977606,,"<a href=""http://twitter.com/#!/download/ipad"" rel=""nofollow"">Twitter for iPad</a>",BoutrisGroup,5,TRUE,FALSE,,,"RT @antonio4ca: When we talk about ""two Californias"", this is what we mean. https://t.co/vrCv7Qpgz6"
rt antonioca enough enough time recognize comprehensive immigration reform human rights issue please join ,FALSE,0,,2017-07-26T02:12:13Z,FALSE,,890031975611985920,,"<a href=""http://twitter.com/download/android"" rel=""nofollow"">Twitter for Android</a>",kingsfanone,7,TRUE,FALSE,,,RT @antonio4ca: Enough is enough. It's time we recognize that comprehensive immigration reform is a human rights issue. Please join. https:‚Ä¶
rt antonioca many people suffer amp die agree comprehensive immigration reform needed now ,FALSE,0,,2017-07-26T02:08:16Z,FALSE,,890030980202864640,,"<a href=""http://twitter.com/download/android"" rel=""nofollow"">Twitter for Android</a>",kingsfanone,18,TRUE,FALSE,,,RT @antonio4ca: How many more people have to suffer &amp; die before we agree comprehensive immigration reform is needed now? https://t.co/TBKG‚Ä¶
rt stevegallaugher melissaafrancis worst mayor nyc ever seen way tie antonioca mayorofla ,FALSE,0,,2017-07-26T01:56:46Z,FALSE,,890028088070950912,,"<a href=""http://twitter.com/download/iphone"" rel=""nofollow"">Twitter for iPhone</a>",bjohns07,2,TRUE,FALSE,,,"RT @stevegallaugher: @MelissaAFrancis That's the worst mayor in NYC I've ever seen. It's a 3-way tie with him, @antonio4ca and @MayorOfLA @‚Ä¶"
rt antonioca talk two californias mean ,FALSE,0,,2017-07-26T01:55:18Z,FALSE,,890027716862279680,,"<a href=""http://twitter.com/download/iphone"" rel=""nofollow"">Twitter for iPhone</a>",AnthonyHollandd,5,TRUE,FALSE,,,"RT @antonio4ca: When we talk about ""two Californias"", this is what we mean. https://t.co/vrCv7Qpgz6"
 lt governor last  years antonioca says right gavinnewsom tesla d ,FALSE,1,,2017-07-26T01:47:08Z,TRUE,,890025661078814720,,"<a href=""http://twitter.com/download/iphone"" rel=""nofollow"">Twitter for iPhone</a>",AllenJWilson,0,FALSE,FALSE,,,What was he doing as Lt Governor the last 6.5 years?  @antonio4ca says it right about @GavinNewsom who is a Tesla D‚Ä¶ https://t.co/VHR1jWQEDn
melissaafrancis worst mayor nyc ever seen way tie antonioca ,FALSE,3,MelissaAFrancis,2017-07-26T01:33:36Z,TRUE,889627875661557761,890022254804738048,29515247,"<a href=""http://twitter.com/download/iphone"" rel=""nofollow"">Twitter for iPhone</a>",stevegallaugher,2,FALSE,FALSE,,,"@MelissaAFrancis That's the worst mayor in NYC I've ever seen. It's a 3-way tie with him, @antonio4ca and‚Ä¶ https://t.co/seyGrBj4KR"
antonioca planned parenthood pimp antonio villaraigosa running govenor california  makes si ,FALSE,0,antonio4ca,2017-07-26T01:03:38Z,TRUE,,890014715618906113,607856488,"<a href=""http://twitter.com/download/iphone"" rel=""nofollow"">Twitter for iPhone</a>",bribohan,0,FALSE,FALSE,,,"@antonio4ca 

Planned Parenthood Pimp

Antonio Villaraigosa is running for Govenor of California 2018Ì†ΩÌ∏∑

Makes me si‚Ä¶ https://t.co/GKQ4LpOXVo"
rt antonioca talk two californias mean ,FALSE,0,,2017-07-26T00:56:17Z,FALSE,,890012865238781952,,"<a href=""http://twitter.com/download/iphone"" rel=""nofollow"">Twitter for iPhone</a>",RogerSalazar,5,TRUE,FALSE,,,"RT @antonio4ca: When we talk about ""two Californias"", this is what we mean. https://t.co/vrCv7Qpgz6"
rt antonioca talk two californias mean ,FALSE,0,,2017-07-26T00:49:22Z,FALSE,,890011126272053248,,"<a href=""http://twitter.com/download/android"" rel=""nofollow"">Twitter for Android</a>",Mariop_AmA,5,TRUE,FALSE,,,"RT @antonio4ca: When we talk about ""two Californias"", this is what we mean. https://t.co/vrCv7Qpgz6"
rt antonioca enough enough time recognize comprehensive immigration reform human rights issue please join ,FALSE,0,,2017-07-26T00:31:26Z,FALSE,,890006613393670144,,"<a href=""http://twitter.com"" rel=""nofollow"">Twitter Web Client</a>",hollywoodblvd1,7,TRUE,FALSE,,,RT @antonio4ca: Enough is enough. It's time we recognize that comprehensive immigration reform is a human rights issue. Please join. https:‚Ä¶
rt antonioca many people suffer amp die agree comprehensive immigration reform needed now ,FALSE,0,,2017-07-26T00:30:44Z,FALSE,,890006437698699265,,"<a href=""http://twitter.com"" rel=""nofollow"">Twitter Web Client</a>",hollywoodblvd1,18,TRUE,FALSE,,,RT @antonio4ca: How many more people have to suffer &amp; die before we agree comprehensive immigration reform is needed now? https://t.co/TBKG‚Ä¶
excited meet antonioca personal hero astrojose tomorrow oakland ,FALSE,5,,2017-07-26T00:16:00Z,FALSE,,890002729229221890,,"<a href=""https://about.twitter.com/products/tweetdeck"" rel=""nofollow"">TweetDeck</a>",ChroniclesOfAzu,1,FALSE,FALSE,,,"Excited to meet @antonio4ca and a personal hero, @Astro_Jose tomorrow in Oakland https://t.co/LzLgMyTare"
antonioca senatorcollins lisamurkowski ahhhhh mean commend just like listening speak ahhh ahhh fit ,FALSE,0,antonio4ca,2017-07-26T00:11:32Z,FALSE,889924492088291329,890001603100524544,607856488,"<a href=""http://twitter.com/download/iphone"" rel=""nofollow"">Twitter for iPhone</a>",AngryJackhole,0,FALSE,FALSE,,,@antonio4ca @SenatorCollins @lisamurkowski Ahhhhh! Don't you mean commend? Just like listening to you speak!! Ahhh.. Ahhh... Not fit at all!
rt antonioca talk two californias mean ,FALSE,0,,2017-07-25T23:55:58Z,FALSE,,889997686056914945,,"<a href=""http://twitter.com/download/iphone"" rel=""nofollow"">Twitter for iPhone</a>",DiversityCounts,5,TRUE,FALSE,,,"RT @antonio4ca: When we talk about ""two Californias"", this is what we mean. https://t.co/vrCv7Qpgz6"
antonioca also developerspols everyone else documented mitchofarrell developer amp cityattorneyla hiding ,FALSE,0,antonio4ca,2017-07-25T23:45:17Z,TRUE,889993573470355456,889994996316635136,607856488,"<a href=""http://twitter.com/download/iphone"" rel=""nofollow"">Twitter for iPhone</a>",jaymarose,0,FALSE,FALSE,,,"@antonio4ca Also developers/pols and everyone else. documented  @MitchOFarrell, developer &amp; @CityAttorneyLA hiding‚Ä¶ https://t.co/V5TnD91FNt"
antonioca need open boarders allow workers much contribute chance better life witho ,FALSE,0,antonio4ca,2017-07-25T22:57:53Z,TRUE,889959382502457344,889983071339937792,607856488,"<a href=""http://twitter.com"" rel=""nofollow"">Twitter Web Client</a>",TayJohnsont991,0,FALSE,FALSE,,,"@antonio4ca We need open boarders to allow workers who have so much to contribute a chance for a better life, witho‚Ä¶ https://t.co/6tYZPMM06S"
rt antonioca enough enough time recognize comprehensive immigration reform human rights issue please join ,FALSE,0,,2017-07-25T21:39:48Z,FALSE,,889963418375081988,,"<a href=""http://twitter.com/#!/download/ipad"" rel=""nofollow"">Twitter for iPad</a>",sunpeople5,7,TRUE,FALSE,,,RT @antonio4ca: Enough is enough. It's time we recognize that comprehensive immigration reform is a human rights issue. Please join. https:‚Ä¶
rt antonioca enough enough time recognize comprehensive immigration reform human rights issue please join ,FALSE,0,,2017-07-25T21:26:29Z,FALSE,,889960067033952256,,"<a href=""http://www.hootsuite.com"" rel=""nofollow"">Hootsuite</a>",RoshniAaMom,7,TRUE,FALSE,,,RT @antonio4ca: Enough is enough. It's time we recognize that comprehensive immigration reform is a human rights issue. Please join. https:‚Ä¶
antonioca truly sad made wrong choice enter much pay coyotes killed ,FALSE,0,antonio4ca,2017-07-25T21:26:18Z,FALSE,889959382502457344,889960023194980352,607856488,"<a href=""http://twitter.com/download/iphone"" rel=""nofollow"">Twitter for iPhone</a>",yldja,0,FALSE,FALSE,,,"@antonio4ca That is truly sad that they made the wrong choice on how to enter, how much did they pay the coyotes that killed them?"
rt antonioca enough enough time recognize comprehensive immigration reform human rights issue please join ,FALSE,0,,2017-07-25T21:25:07Z,FALSE,,889959723889340416,,"<a href=""http://twitter.com"" rel=""nofollow"">Twitter Web Client</a>",Nickfromlb,7,TRUE,FALSE,,,RT @antonio4ca: Enough is enough. It's time we recognize that comprehensive immigration reform is a human rights issue. Please join. https:‚Ä¶
rt mrcameroncurry join antonioca online town hall future education ca ,FALSE,0,,2017-07-25T21:19:20Z,FALSE,,889958269308903424,,"<a href=""https://about.twitter.com/products/tweetdeck"" rel=""nofollow"">TweetDeck</a>",antonio4ca,1,TRUE,FALSE,,,"RT @mrcameroncurry: Join @Antonio4CA for an online town hall about the future of education in CA!
https://t.co/jmss9oveHN"
antonioca senatorcollins lisamurkowski voting authorize proceed discuss failing healthcare ,FALSE,0,antonio4ca,2017-07-25T19:42:03Z,TRUE,889924492088291329,889933787135488000,607856488,"<a href=""http://twitter.com/download/iphone"" rel=""nofollow"">Twitter for iPhone</a>",yldja,0,FALSE,FALSE,,,@antonio4ca @SenatorCollins @lisamurkowski So voting to  authorize to proceed and discuss a failing healthcare is a‚Ä¶ https://t.co/W4omUpQYv6
join antonioca online town hall future education ca ,FALSE,5,,2017-07-25T19:21:24Z,FALSE,,889928590254624768,,"<a href=""http://twitter.com"" rel=""nofollow"">Twitter Web Client</a>",mrcameroncurry,1,FALSE,FALSE,,,"Join @Antonio4CA for an online town hall about the future of education in CA!
https://t.co/jmss9oveHN"
rt antonioca comment senators senatorcollins amp lisamurkowski putting health constituents party amp voting o,FALSE,0,,2017-07-25T19:12:47Z,FALSE,,889926419932991488,,"<a href=""http://twitter.com/download/android"" rel=""nofollow"">Twitter for Android</a>",sec990,2,TRUE,FALSE,,,RT @antonio4ca: I comment Senators @SenatorCollins &amp; @lisamurkowski for putting the health of their constituents before party &amp; voting no o‚Ä¶
rt antonioca comment senators senatorcollins amp lisamurkowski putting health constituents party amp voting o,FALSE,0,,2017-07-25T19:05:45Z,FALSE,,889924652608475137,,"<a href=""http://twitter.com/download/iphone"" rel=""nofollow"">Twitter for iPhone</a>",mommamyrn,2,TRUE,FALSE,,,RT @antonio4ca: I comment Senators @SenatorCollins &amp; @lisamurkowski for putting the health of their constituents before party &amp; voting no o‚Ä¶
josiehuang kpcc meanwhile gavinnewsom antonioca refuse state detail solve afford housing crisis,FALSE,1,josie_huang,2017-07-25T17:03:47Z,FALSE,889892591382044672,889893958968500224,38602009,"<a href=""http://twitter.com"" rel=""nofollow"">Twitter Web Client</a>",Marv1nCal,0,FALSE,FALSE,,,@josie_huang @KPCC 3/Meanwhile @GavinNewsom and @antonio4ca refuse to state in detail what they would do to solve our afford. housing crisis
antonioca   american indian usa will half indian ,FALSE,0,lochlannmatt,2017-07-25T16:31:40Z,FALSE,889885537162510336,889885876230262785,1267179157,"<a href=""https://mobile.twitter.com"" rel=""nofollow"">Twitter Lite</a>",lochlannmatt,0,FALSE,FALSE,,,@antonio4ca By 2080 only %8 of American Indian in USA will be half Indian or more.
antonioca races mixed now affac racial integrity term latino  afamericans irish ,FALSE,0,antonio4ca,2017-07-25T16:30:19Z,FALSE,,889885537162510336,607856488,"<a href=""https://mobile.twitter.com"" rel=""nofollow"">Twitter Lite</a>",lochlannmatt,0,FALSE,FALSE,,,@antonio4ca The races are too mixed now for Aff-Ac. No racial integrity to term 'Latino'. %38 of Af-Americans are Irish too.
rt antonioca dreamers vital part communities deserve permanent protection dreamact ,FALSE,0,,2017-07-25T13:19:22Z,FALSE,,889837480958201857,,"<a href=""http://twitter.com"" rel=""nofollow"">Twitter Web Client</a>",MLaCorte_,10,TRUE,FALSE,,,RT @antonio4ca: DREAMers are a vital part of our communities and deserve permanent protection. #DreamAct https://t.co/RVD8xZt8H6
rt iamsteflawless msnbc stevesoboroff agbecerra antonioca schwarzenegger secretservice something said maga makeam,FALSE,0,,2017-07-25T12:05:41Z,FALSE,,889818936824414208,,"<a href=""https://mobile.twitter.com"" rel=""nofollow"">Twitter Lite</a>",IAMStefLawless,1,TRUE,FALSE,,,"RT @IAMStefLawless: @MSNBC @SteveSoboroff @AGBecerra @antonio4ca @Schwarzenegger @SecretService .Was it something I said? Ì†ΩÌ∏≥ .#MAGA
.#MakeAm‚Ä¶"
rt antonioca join online town hall education july  answering questions rsvp ,FALSE,0,,2017-07-25T06:02:16Z,FALSE,,889727482064125952,,"<a href=""http://twitter.com/download/iphone"" rel=""nofollow"">Twitter for iPhone</a>",OrganizacionNay,5,TRUE,FALSE,,,RT @antonio4ca: Join me for an online Town Hall on Education this July 27! I'll be answering your questions. RSVP here https://t.co/0uEEmV1‚Ä¶
 antonioca ,FALSE,0,,2017-07-25T04:35:01Z,FALSE,,889705522324135936,,"<a href=""http://twitter.com/#!/download/ipad"" rel=""nofollow"">Twitter for iPad</a>",RubenSalazarPBS,0,FALSE,FALSE,,,"I'm with him. @antonio4ca 
https://t.co/wvoRSf5tUC"
join antonioca online town hall future education ca ,FALSE,0,,2017-07-25T03:11:17Z,FALSE,,889684450153439234,,"<a href=""http://twitter.com"" rel=""nofollow"">Twitter Web Client</a>",ESylviarchitect,0,FALSE,FALSE,,,"Join @Antonio4CA for an online town hall about the future of education in CA!
https://t.co/BkhQcJbGCD"
rt gsandovalnieto honored endorsement former mayor villaraigosa antonioca run represent assembly district  ,FALSE,0,,2017-07-25T02:51:34Z,FALSE,,889679490997043200,,"<a href=""http://twitter.com/download/iphone"" rel=""nofollow"">Twitter for iPhone</a>",RXBLaw,2,TRUE,FALSE,,,RT @GSandovalNieto: Honored to have the endorsement of former Mayor Villaraigosa @antonio4ca in my run to represent  Assembly District 51 #‚Ä¶
chris latimes affirmative action reason antonioca mayor similar maxinewaters ,FALSE,0,Chris_1791,2017-07-25T02:22:56Z,TRUE,889671112287596544,889672285577125889,312149882,"<a href=""http://twitter.com/download/iphone"" rel=""nofollow"">Twitter for iPhone</a>",mauriciod44,0,FALSE,FALSE,,,"@Chris_1791 @latimes Affirmative Action is the ONLY reason @antonio4ca was Mayor: Very similar to @MaxineWaters , I‚Ä¶ https://t.co/0949HAu2sW"
rt antonioca join online town hall education july  answering questions rsvp ,FALSE,0,,2017-07-25T02:05:46Z,FALSE,,889667962260660224,,"<a href=""http://twitter.com/download/android"" rel=""nofollow"">Twitter for Android</a>",Mariop_AmA,5,TRUE,FALSE,,,RT @antonio4ca: Join me for an online Town Hall on Education this July 27! I'll be answering your questions. RSVP here https://t.co/0uEEmV1‚Ä¶
antonioca submitted will shocked contacted,FALSE,0,antonio4ca,2017-07-25T01:12:13Z,FALSE,889652561346613248,889654488923086848,607856488,"<a href=""http://twitter.com/download/iphone"" rel=""nofollow"">Twitter for iPhone</a>",yldja,0,FALSE,FALSE,,,@antonio4ca Submitted will be shocked if contacted.
rt antonioca join online town hall education july  answering questions rsvp ,FALSE,0,,2017-07-25T01:06:52Z,FALSE,,889653140525592576,,"<a href=""http://twitter.com/download/iphone"" rel=""nofollow"">Twitter for iPhone</a>",EloyOakley,5,TRUE,FALSE,,,RT @antonio4ca: Join me for an online Town Hall on Education this July 27! I'll be answering your questions. RSVP here https://t.co/0uEEmV1‚Ä¶
rt antonioca join online town hall education july  answering questions rsvp ,FALSE,0,,2017-07-25T01:06:34Z,FALSE,,889653066559049735,,"<a href=""http://twitter.com/download/iphone"" rel=""nofollow"">Twitter for iPhone</a>",CivicRafa,5,TRUE,FALSE,,,RT @antonio4ca: Join me for an online Town Hall on Education this July 27! I'll be answering your questions. RSVP here https://t.co/0uEEmV1‚Ä¶
rt antonioca great see taubgvwire gvwire ,FALSE,0,,2017-07-25T00:50:45Z,FALSE,,889649085292007424,,"<a href=""http://twitter.com/download/iphone"" rel=""nofollow"">Twitter for iPhone</a>",easolisloya,2,TRUE,FALSE,,,RT @antonio4ca: Great to see you @TaubGVWire @GVWire! https://t.co/5jlrOezWWb
rt antonioca great see taubgvwire gvwire ,FALSE,0,,2017-07-25T00:40:21Z,FALSE,,889646468021313536,,"<a href=""http://twitter.com"" rel=""nofollow"">Twitter Web Client</a>",TaubGVWire,2,TRUE,FALSE,,,RT @antonio4ca: Great to see you @TaubGVWire @GVWire! https://t.co/5jlrOezWWb
rt gvwire taubgvwire talks antonioca fresno campaign stop ,FALSE,0,,2017-07-24T23:59:57Z,FALSE,,889636302181748736,,"<a href=""http://twitter.com"" rel=""nofollow"">Twitter Web Client</a>",TaubGVWire,1,TRUE,FALSE,,,"RT @GVWire: @TaubGVWire talks with @antonio4ca during his #Fresno campaign stop
https://t.co/If1VlMGG49"
taubgvwire talks antonioca fresno campaign stop ,FALSE,0,TaubGVWire,2017-07-24T23:12:00Z,FALSE,,889624235022450688,773274472606371840,"<a href=""http://twitter.com"" rel=""nofollow"">Twitter Web Client</a>",GVWire,1,FALSE,FALSE,,,"@TaubGVWire talks with @antonio4ca during his #Fresno campaign stop
https://t.co/If1VlMGG49"
rt antonioca need governor comfortable every community ,FALSE,0,,2017-07-24T22:13:00Z,FALSE,,889609387240693760,,"<a href=""http://twitter.com"" rel=""nofollow"">Twitter Web Client</a>",ATHGO,4,TRUE,FALSE,,,"RT @antonio4ca: ""We need a governor that is comfortable in every community"" https://t.co/KKWxHgXDny"
rt gsandovalnieto honored endorsement former mayor villaraigosa antonioca run represent assembly district  ,FALSE,0,,2017-07-24T19:51:37Z,FALSE,,889573804279595008,,"<a href=""http://twitter.com/download/iphone"" rel=""nofollow"">Twitter for iPhone</a>",adamssieff,2,TRUE,FALSE,,,RT @GSandovalNieto: Honored to have the endorsement of former Mayor Villaraigosa @antonio4ca in my run to represent  Assembly District 51 #‚Ä¶
honored endorsement former mayor villaraigosa antonioca run represent assembly district  ad,FALSE,7,,2017-07-24T19:15:06Z,FALSE,,889564616358977536,,"<a href=""http://twitter.com"" rel=""nofollow"">Twitter Web Client</a>",GSandovalNieto,2,FALSE,FALSE,,,Honored to have the endorsement of former Mayor Villaraigosa @antonio4ca in my run to represent  Assembly District 51 #AD51.
rt xborderconsul hoy tuvimos caf con leche con nuestros amigos de borderangels y el exalcalde de los ngeles antonioca ,FALSE,0,,2017-07-24T15:51:31Z,FALSE,,889513381383684097,,"<a href=""http://twitter.com"" rel=""nofollow"">Twitter Web Client</a>",ConsulMexSdi,6,TRUE,FALSE,,,"RT @XBorderConsul: Hoy tuvimos ""Caf√© con leche"" ‚òïÔ∏èÌ†æÌµõcon nuestros amigos de @Border_Angels y el ex-alcalde de Los √Ångeles @antonio4ca https:/‚Ä¶"
rt nextrevfnc tonight welcome antonioca will discussing plans education revolution dont miss tonight p,FALSE,0,,2017-07-24T01:55:49Z,FALSE,,889303073771749376,,"<a href=""http://twitter.com/download/android"" rel=""nofollow"">Twitter for Android</a>",spankmex2,12,TRUE,FALSE,,,"RT @NextRevFNC: Tonight, we welcome @antonio4ca. He will be discussing his plans for an Education Revolution. Don‚Äôt miss it! Tonight at 9p‚Ä¶"
rt antonioca many people suffer amp die agree comprehensive immigration reform needed now ,FALSE,0,,2017-07-23T23:57:10Z,FALSE,,889273212399263744,,"<a href=""http://twitter.com/#!/download/ipad"" rel=""nofollow"">Twitter for iPad</a>",ECCUnionAlex,18,TRUE,FALSE,,,RT @antonio4ca: How many more people have to suffer &amp; die before we agree comprehensive immigration reform is needed now? https://t.co/TBKG‚Ä¶
rt antonioca many people suffer amp die agree comprehensive immigration reform needed now ,FALSE,0,,2017-07-23T23:52:08Z,FALSE,,889271944121524224,,"<a href=""http://twitter.com/download/android"" rel=""nofollow"">Twitter for Android</a>",Nickfromlb,18,TRUE,FALSE,,,RT @antonio4ca: How many more people have to suffer &amp; die before we agree comprehensive immigration reform is needed now? https://t.co/TBKG‚Ä¶
rt antonioca many people suffer amp die agree comprehensive immigration reform needed now ,FALSE,0,,2017-07-23T21:04:55Z,FALSE,,889229866683568128,,"<a href=""http://twitter.com/download/android"" rel=""nofollow"">Twitter for Android</a>",Mariop_AmA,18,TRUE,FALSE,,,RT @antonio4ca: How many more people have to suffer &amp; die before we agree comprehensive immigration reform is needed now? https://t.co/TBKG‚Ä¶
rt antonioca many people suffer amp die agree comprehensive immigration reform needed now ,FALSE,0,,2017-07-23T20:41:16Z,FALSE,,889223912638349313,,"<a href=""http://twitter.com/download/android"" rel=""nofollow"">Twitter for Android</a>",RobertLatinoUSA,18,TRUE,FALSE,,,RT @antonio4ca: How many more people have to suffer &amp; die before we agree comprehensive immigration reform is needed now? https://t.co/TBKG‚Ä¶
vnesscarken tayjohnsont antonioca focus criminals instead,FALSE,0,vnesscarken,2017-07-23T19:47:43Z,FALSE,889209850575454208,889210436255531008,869704275886080000,"<a href=""http://twitter.com/download/iphone"" rel=""nofollow"">Twitter for iPhone</a>",yldja,0,FALSE,FALSE,,,@vnesscarken @TayJohnsont991 @antonio4ca No let's focus on ALL criminals instead
vnesscarken tayjohnsont antonioca can vetted share one country open border,FALSE,0,vnesscarken,2017-07-23T19:47:00Z,FALSE,889208807397642240,889210254885396480,869704275886080000,"<a href=""http://twitter.com/download/iphone"" rel=""nofollow"">Twitter for iPhone</a>",yldja,0,FALSE,FALSE,,,@vnesscarken @TayJohnsont991 @antonio4ca It can be vetted ....  do share one country that has an open border.
yldja tayjohnsont antonioca forget war onset capitalism causing people migrate ,FALSE,1,yldja,2017-07-23T19:45:23Z,TRUE,889204159584509952,889209850575454208,113103924,"<a href=""http://twitter.com/download/iphone"" rel=""nofollow"">Twitter for iPhone</a>",vnesscarken,0,FALSE,FALSE,,,"@yldja @TayJohnsont991 @antonio4ca Don't not forget war is onset by capitalism, causing people to migrate. So let's‚Ä¶ https://t.co/Am0eaKBnzw"
yldja tayjohnsont antonioca migration natural phenomenon forms live stopped,FALSE,0,yldja,2017-07-23T19:41:15Z,FALSE,889204159584509952,889208807397642240,113103924,"<a href=""http://twitter.com/download/iphone"" rel=""nofollow"">Twitter for iPhone</a>",vnesscarken,0,FALSE,FALSE,,,"@yldja @TayJohnsont991 @antonio4ca Migration is a ""natural"" phenomenon for all forms of live; it cannot be stopped."
rt antonioca many people suffer amp die agree comprehensive immigration reform needed now ,FALSE,0,,2017-07-23T19:36:47Z,FALSE,,889207685312241664,,"<a href=""http://twitter.com/download/iphone"" rel=""nofollow"">Twitter for iPhone</a>",MichelePettes,18,TRUE,FALSE,,,RT @antonio4ca: How many more people have to suffer &amp; die before we agree comprehensive immigration reform is needed now? https://t.co/TBKG‚Ä¶
rt antonioca many people suffer amp die agree comprehensive immigration reform needed now ,FALSE,0,,2017-07-23T19:33:23Z,FALSE,,889206829800054784,,"<a href=""http://twitter.com/download/iphone"" rel=""nofollow"">Twitter for iPhone</a>",rongon2000,18,TRUE,FALSE,,,RT @antonio4ca: How many more people have to suffer &amp; die before we agree comprehensive immigration reform is needed now? https://t.co/TBKG‚Ä¶
tayjohnsont antonioca vetting people enter criminals sexual predators murderers dru ,FALSE,0,TayJohnsont991,2017-07-23T19:22:46Z,TRUE,889176399323340800,889204159584509952,808002759794360320,"<a href=""http://twitter.com/download/iphone"" rel=""nofollow"">Twitter for iPhone</a>",yldja,0,FALSE,FALSE,,,"@TayJohnsont991 @antonio4ca So no vetting of people before they enter?  Criminals, sexual predators, murderers, dru‚Ä¶ https://t.co/t8BnYyfYL1"
la prensa san diego realiza segundo panel de discusin antonioca ,FALSE,0,,2017-07-23T19:15:00Z,FALSE,,889202203839299590,,"<a href=""https://about.twitter.com/products/tweetdeck"" rel=""nofollow"">TweetDeck</a>",LaPrensaSD,0,FALSE,FALSE,,,La Prensa San Diego Realiza Segundo Panel de Discusi√≥n: @antonio4ca https://t.co/Dw3L34PcBR
rt antonioca many people suffer amp die agree comprehensive immigration reform needed now ,FALSE,0,,2017-07-23T19:11:22Z,FALSE,,889201289766223872,,"<a href=""http://twitter.com/download/iphone"" rel=""nofollow"">Twitter for iPhone</a>",Rbonilla03,18,TRUE,FALSE,,,RT @antonio4ca: How many more people have to suffer &amp; die before we agree comprehensive immigration reform is needed now? https://t.co/TBKG‚Ä¶
antonioca sad sorry poor ppl,FALSE,0,antonio4ca,2017-07-23T18:14:04Z,FALSE,889173411435499520,889186869526896640,607856488,"<a href=""https://mobile.twitter.com"" rel=""nofollow"">Twitter Lite</a>",thelyzardwoman,0,FALSE,FALSE,,,@antonio4ca so sad so sorry poor ppl
rt antonioca many people suffer amp die agree comprehensive immigration reform needed now ,FALSE,0,,2017-07-23T17:55:06Z,FALSE,,889182096631123969,,"<a href=""http://twitter.com/download/iphone"" rel=""nofollow"">Twitter for iPhone</a>",gracoramirez,18,TRUE,FALSE,,,RT @antonio4ca: How many more people have to suffer &amp; die before we agree comprehensive immigration reform is needed now? https://t.co/TBKG‚Ä¶
rt antonioca many people suffer amp die agree comprehensive immigration reform needed now ,FALSE,0,,2017-07-23T17:38:37Z,FALSE,,889177946619092992,,"<a href=""http://twitter.com"" rel=""nofollow"">Twitter Web Client</a>",DiversityCounts,18,TRUE,FALSE,,,RT @antonio4ca: How many more people have to suffer &amp; die before we agree comprehensive immigration reform is needed now? https://t.co/TBKG‚Ä¶
antonioca senseless deaths another reason open boarders criminalize people wanting better life,FALSE,0,antonio4ca,2017-07-23T17:32:28Z,FALSE,889173411435499520,889176399323340800,607856488,"<a href=""http://twitter.com"" rel=""nofollow"">Twitter Web Client</a>",TayJohnsont991,0,FALSE,FALSE,,,"@antonio4ca These senseless deaths are another reason to open our boarders, we can't criminalize people for wanting a better life."
rt antonioca many people suffer amp die agree comprehensive immigration reform needed now ,FALSE,0,,2017-07-23T17:29:13Z,FALSE,,889175583120252930,,"<a href=""http://twitter.com/download/iphone"" rel=""nofollow"">Twitter for iPhone</a>",ONtheMove661,18,TRUE,FALSE,,,RT @antonio4ca: How many more people have to suffer &amp; die before we agree comprehensive immigration reform is needed now? https://t.co/TBKG‚Ä¶
rt antonioca many people suffer amp die agree comprehensive immigration reform needed now ,FALSE,0,,2017-07-23T17:28:45Z,FALSE,,889175464228638721,,"<a href=""http://twitter.com/download/android"" rel=""nofollow"">Twitter for Android</a>",peenyweeny1218,18,TRUE,FALSE,,,RT @antonio4ca: How many more people have to suffer &amp; die before we agree comprehensive immigration reform is needed now? https://t.co/TBKG‚Ä¶
rt antonioca many people suffer amp die agree comprehensive immigration reform needed now ,FALSE,0,,2017-07-23T17:27:20Z,FALSE,,889175108597809152,,"<a href=""http://twitter.com"" rel=""nofollow"">Twitter Web Client</a>",TayJohnsont991,18,TRUE,FALSE,,,RT @antonio4ca: How many more people have to suffer &amp; die before we agree comprehensive immigration reform is needed now? https://t.co/TBKG‚Ä¶
rt antonioca many people suffer amp die agree comprehensive immigration reform needed now ,FALSE,0,,2017-07-23T17:23:57Z,FALSE,,889174256051003394,,"<a href=""http://twitter.com/download/iphone"" rel=""nofollow"">Twitter for iPhone</a>",ruaceved,18,TRUE,FALSE,,,RT @antonio4ca: How many more people have to suffer &amp; die before we agree comprehensive immigration reform is needed now? https://t.co/TBKG‚Ä¶
antonioca well entered following law never happened case immigration matter,FALSE,0,antonio4ca,2017-07-23T17:22:52Z,FALSE,889173411435499520,889173985769869314,607856488,"<a href=""http://twitter.com/download/iphone"" rel=""nofollow"">Twitter for iPhone</a>",yldja,0,FALSE,FALSE,,,@antonio4ca Well if they had entered following the law this would of never happened.  This case is not an immigration matter.
rt antonioca need governor comfortable every community ,FALSE,0,,2017-07-23T16:26:56Z,FALSE,,889159908767092736,,"<a href=""http://twitter.com"" rel=""nofollow"">Twitter Web Client</a>",ArmenOrujyan,4,TRUE,FALSE,,,"RT @antonio4ca: ""We need a governor that is comfortable in every community"" https://t.co/KKWxHgXDny"
rt antonioca dreamers vital part communities deserve permanent protection dreamact ,FALSE,0,,2017-07-23T15:20:43Z,FALSE,,889143245392846852,,"<a href=""http://twitter.com"" rel=""nofollow"">Twitter Web Client</a>",TayJohnsont991,10,TRUE,FALSE,,,RT @antonio4ca: DREAMers are a vital part of our communities and deserve permanent protection. #DreamAct https://t.co/RVD8xZt8H6
antonioca anyone know phone ice,FALSE,3,antonio4ca,2017-07-23T05:50:45Z,FALSE,888460181893337088,888999807368417280,607856488,"<a href=""http://twitter.com"" rel=""nofollow"">Twitter Web Client</a>",galaxyclass9,0,FALSE,FALSE,,,@antonio4ca Anyone know the phone # to ICE?
rt torisguardian antonioca vital need go back buildthewall noamnesty nodaca deport,FALSE,0,,2017-07-23T05:48:10Z,FALSE,,888999158346121216,,"<a href=""http://twitter.com/download/android"" rel=""nofollow"">Twitter for Android</a>",AllsIsBalls,1,TRUE,FALSE,,,"RT @20Torisguardian: @antonio4ca They aren't vital. 

They all need to go back. 

#BuildTheWall
#NoAmnesty
#NoDACA
#Deport"
antonioca vital need go back buildthewall noamnesty nodaca deport,FALSE,1,antonio4ca,2017-07-23T05:46:34Z,FALSE,888460181893337088,888998755030245376,607856488,"<a href=""http://twitter.com/download/android"" rel=""nofollow"">Twitter for Android</a>",20Torisguardian,1,FALSE,FALSE,,,"@antonio4ca They aren't vital. 

They all need to go back. 

#BuildTheWall
#NoAmnesty
#NoDACA
#Deport"
antonioca tony man everyone american citizens tired lies,FALSE,0,antonio4ca,2017-07-22T14:39:36Z,FALSE,888460181893337088,888770510519099392,607856488,"<a href=""http://twitter.com/download/iphone"" rel=""nofollow"">Twitter for iPhone</a>",AngryJackhole,0,FALSE,FALSE,,,@antonio4ca Tony! The man for everyone but American citizens! Tired of your lies!
antonioca deserve also deserve free education free health care,FALSE,0,antonio4ca,2017-07-22T12:12:23Z,FALSE,888460181893337088,888733461518876674,607856488,"<a href=""http://twitter.com/download/iphone"" rel=""nofollow"">Twitter for iPhone</a>",JoeRuizBoss,0,FALSE,FALSE,,,"@antonio4ca Deserve, did they also deserve free education, free health care?"
rt rontrump antonioca guy failed bar exam  times changed name something hispanic sounding perfect c,FALSE,0,,2017-07-22T11:15:58Z,FALSE,,888719262394744834,,"<a href=""http://twitter.com"" rel=""nofollow"">Twitter Web Client</a>",2JckQiX1zk0EDeH,2,TRUE,FALSE,,,RT @RonTrump1: @antonio4ca The guy who failed the Bar Exam 4 Times and then changed his name to something more hispanic sounding? Perfect c‚Ä¶
antonioca numbers proof besides creating permanent magnet illegals,FALSE,1,antonio4ca,2017-07-22T09:51:23Z,FALSE,888460181893337088,888697975152750592,607856488,"<a href=""http://twitter.com/download/iphone"" rel=""nofollow"">Twitter for iPhone</a>",va_tth_,0,FALSE,FALSE,,,@antonio4ca How? Any numbers to proof? Besides creating a permanent magnet for illegals?
antonioca illegal alien deserves anything given chance stay needs based merit,FALSE,0,antonio4ca,2017-07-22T09:25:03Z,FALSE,888460181893337088,888691349255368704,607856488,"<a href=""http://twitter.com/download/iphone"" rel=""nofollow"">Twitter for iPhone</a>",El_Chuco_TX,0,FALSE,FALSE,,,@antonio4ca no illegal alien deserves anything If given a chance to stay needs to be based on merit
antonioca saying making money ,FALSE,5,antonio4ca,2017-07-22T06:06:54Z,FALSE,888460181893337088,888641482441113601,607856488,"<a href=""http://twitter.com/download/iphone"" rel=""nofollow"">Twitter for iPhone</a>",01ProudAmerican,0,FALSE,FALSE,,,@antonio4ca No they aren't! You're only saying that because you're making money off them being here.
rt powrppl antonioca illegal immigrationbirthright citizenship theft ,FALSE,0,,2017-07-22T06:02:52Z,FALSE,,888640468145262592,,"<a href=""http://twitter.com/download/iphone"" rel=""nofollow"">Twitter for iPhone</a>",01ProudAmerican,3,TRUE,FALSE,,,"RT @powr2ppl: @antonio4ca 

Illegal Immigration/birthright citizenship is theft 

https://t.co/yHED1vrhzv"
rt antonioca dreamers vital part communities deserve permanent protection dreamact ,FALSE,0,,2017-07-22T03:25:49Z,FALSE,,888600945172545536,,"<a href=""http://twitter.com/download/iphone"" rel=""nofollow"">Twitter for iPhone</a>",RafaEMartinez81,10,TRUE,FALSE,,,RT @antonio4ca: DREAMers are a vital part of our communities and deserve permanent protection. #DreamAct https://t.co/RVD8xZt8H6
rt antonioca dreamers vital part communities deserve permanent protection dreamact ,FALSE,0,,2017-07-22T02:57:32Z,FALSE,,888593828319547393,,"<a href=""http://twitter.com/download/iphone"" rel=""nofollow"">Twitter for iPhone</a>",IllinoisALAS,10,TRUE,FALSE,,,RT @antonio4ca: DREAMers are a vital part of our communities and deserve permanent protection. #DreamAct https://t.co/RVD8xZt8H6
rt antonioca dreamers vital part communities deserve permanent protection dreamact ,FALSE,0,,2017-07-22T00:30:02Z,FALSE,,888556707865010176,,"<a href=""http://twitter.com/download/iphone"" rel=""nofollow"">Twitter for iPhone</a>",Cecy_luvskids,10,TRUE,FALSE,,,RT @antonio4ca: DREAMers are a vital part of our communities and deserve permanent protection. #DreamAct https://t.co/RVD8xZt8H6
rt xborderconsul hoy tuvimos caf con leche con nuestros amigos de borderangels y el exalcalde de los ngeles antonioca ,FALSE,0,,2017-07-22T00:00:59Z,FALSE,,888549395846668288,,"<a href=""http://twitter.com/download/iphone"" rel=""nofollow"">Twitter for iPhone</a>",Rafael_Zulaica,6,TRUE,FALSE,,,"RT @XBorderConsul: Hoy tuvimos ""Caf√© con leche"" ‚òïÔ∏èÌ†æÌµõcon nuestros amigos de @Border_Angels y el ex-alcalde de Los √Ångeles @antonio4ca https:/‚Ä¶"
msnbc stevesoboroff agbecerra antonioca schwarzenegger secretservice something said maga ,FALSE,2,IAMStefLawless,2017-07-21T23:09:39Z,TRUE,885678380506505216,888536478380208132,778013064025088000,"<a href=""https://mobile.twitter.com"" rel=""nofollow"">Twitter Lite</a>",IAMStefLawless,1,FALSE,FALSE,,,"@MSNBC @SteveSoboroff @AGBecerra @antonio4ca @Schwarzenegger @SecretService .Was it something I said? Ì†ΩÌ∏≥ .#MAGA
.‚Ä¶ https://t.co/jKJ6oN2002"
rt iamsteflawless jacob soboroff msnbc correspondent son stevesoboroff covers drugs dtla agbecerra antonioca schwarzen,FALSE,0,,2017-07-21T22:43:42Z,FALSE,,888529948318629888,,"<a href=""http://twitter.com"" rel=""nofollow"">Twitter Web Client</a>",IAMStefLawless,1,TRUE,FALSE,,,"RT @IAMStefLawless: Jacob Soboroff @MSNBC correspondent son of @SteveSoboroff Who covers up drugs in DTLA @AGBecerra
@antonio4ca @Schwarzen‚Ä¶"
rt powrppl antonioca illegal immigrationbirthright citizenship theft ,FALSE,0,,2017-07-21T22:31:45Z,FALSE,,888526940935565312,,"<a href=""http://twitter.com/download/android"" rel=""nofollow"">Twitter for Android</a>",junoluna2012,3,TRUE,FALSE,,,"RT @powr2ppl: @antonio4ca 

Illegal Immigration/birthright citizenship is theft 

https://t.co/yHED1vrhzv"
antonioca need go home,FALSE,1,antonio4ca,2017-07-21T21:54:45Z,FALSE,888460181893337088,888517630721740801,607856488,"<a href=""http://twitter.com/download/iphone"" rel=""nofollow"">Twitter for iPhone</a>",ShoelessJoe__,0,FALSE,FALSE,,,@antonio4ca No they're not. They need to go home.
antonioca ,FALSE,4,antonio4ca,2017-07-21T20:59:14Z,FALSE,888460181893337088,888503659406950400,607856488,"<a href=""http://twitter.com/download/android"" rel=""nofollow"">Twitter for Android</a>",lasvegasgps,0,FALSE,FALSE,,,@antonio4ca No they aren't and no they don't!
antonioca potus enddaca endhb give illegals know wrtten give amnesty give ,FALSE,1,antonio4ca,2017-07-21T20:29:14Z,TRUE,888460181893337088,888496108153880577,607856488,"<a href=""https://mobile.twitter.com"" rel=""nofollow"">Twitter Lite</a>",SCINTLE,0,FALSE,FALSE,,,"@antonio4ca @POTUS #ENDDACA #ENDH1B NO, NO GIVE ON ILLEGALS! YOU KNOW, YOU'VE WRTTEN, GIVE THEM AMNESTY YOU'LL GIVE‚Ä¶ https://t.co/GikfQc10Mp"
antonioca totally agreed ,FALSE,0,antonio4ca,2017-07-21T19:49:49Z,FALSE,888460181893337088,888486187563745280,607856488,"<a href=""http://twitter.com/download/iphone"" rel=""nofollow"">Twitter for iPhone</a>",patriciaarbulu,0,FALSE,FALSE,,,@antonio4ca Totally agreed with you
rt antonioca dreamers vital part communities deserve permanent protection dreamact ,FALSE,0,,2017-07-21T19:47:40Z,FALSE,,888485649388535809,,"<a href=""http://twitter.com/download/iphone"" rel=""nofollow"">Twitter for iPhone</a>",a_moriarty,10,TRUE,FALSE,,,RT @antonio4ca: DREAMers are a vital part of our communities and deserve permanent protection. #DreamAct https://t.co/RVD8xZt8H6
antonioca illegal aliens,FALSE,0,antonio4ca,2017-07-21T19:24:35Z,FALSE,888460181893337088,888479839489060864,607856488,"<a href=""http://twitter.com/#!/download/ipad"" rel=""nofollow"">Twitter for iPad</a>",DanielJohnEarn4,0,FALSE,FALSE,,,@antonio4ca They are illegal aliens.
antonioca illegal immigrationbirthright citizenship theft ,FALSE,8,antonio4ca,2017-07-21T19:06:25Z,FALSE,888460181893337088,888475267366240256,607856488,"<a href=""http://twitter.com/download/iphone"" rel=""nofollow"">Twitter for iPhone</a>",powr2ppl,3,FALSE,FALSE,,,"@antonio4ca 

Illegal Immigration/birthright citizenship is theft 

https://t.co/yHED1vrhzv"
markskrikorian antonioca thirdworlders amnestied  belong la raza ones pushing fo ,FALSE,3,Mishkaph,2017-07-21T18:38:39Z,TRUE,888467423199985664,888468281048387584,800830050853650432,"<a href=""http://twitter.com"" rel=""nofollow"">Twitter Web Client</a>",Mishkaph,0,FALSE,FALSE,,,@MarkSKrikorian @antonio4ca Third-worlders who were amnestied in 1986 belong to La Raza and are the ones pushing fo‚Ä¶ https://t.co/tIjWfnu9hJ
antonioca nope criminals need deport every single man woman child go back f ,FALSE,1,antonio4ca,2017-07-21T18:37:20Z,TRUE,888460181893337088,888467947433414656,607856488,"<a href=""http://twitter.com"" rel=""nofollow"">Twitter Web Client</a>",BroThadius,0,FALSE,FALSE,,,"@antonio4ca Nope. THEy ARE CRIMINALS.
We need to deport every single MAN, WOMAN, and CHILD!

You have to go back. F‚Ä¶ https://t.co/jFSgAdT0Jr"
antonioca gtgt go back ,FALSE,1,antonio4ca,2017-07-21T18:36:24Z,FALSE,888460181893337088,888467713743613952,607856488,"<a href=""http://twitter.com"" rel=""nofollow"">Twitter Web Client</a>",SaulusSedai,0,FALSE,FALSE,,,@antonio4ca &gt;&gt; They have to go back. https://t.co/WSXRAQCzo8
antonioca serve  years military give amnesty want civilservice,FALSE,1,antonio4ca,2017-07-21T18:35:42Z,FALSE,888460181893337088,888467539344461824,607856488,"<a href=""http://twitter.com"" rel=""nofollow"">Twitter Web Client</a>",blindzeebra,0,FALSE,FALSE,,,@antonio4ca have them serve 3 years in the military and then give them the amnesty they want. #civilservice
markskrikorian sure  amnesty taught us nothing amiright antonioca,FALSE,3,MarkSKrikorian,2017-07-21T18:35:15Z,FALSE,888466171351248896,888467423199985664,282747242,"<a href=""http://twitter.com"" rel=""nofollow"">Twitter Web Client</a>",Mishkaph,0,FALSE,FALSE,,,"@MarkSKrikorian Sure. Because the 1986 amnesty taught us nothing, amiright? @antonio4ca"
antonioca got rich taxpayers,FALSE,3,antonio4ca,2017-07-21T18:31:18Z,FALSE,888460181893337088,888466428017475586,607856488,"<a href=""https://mobile.twitter.com"" rel=""nofollow"">Twitter Lite</a>",affenity,0,FALSE,FALSE,,,@antonio4ca you got rich off the taxpayers
rt antonioca dreamers vital part communities deserve permanent protection dreamact ,FALSE,0,,2017-07-21T18:12:13Z,FALSE,,888461628706050048,,"<a href=""http://twitter.com/download/iphone"" rel=""nofollow"">Twitter for iPhone</a>",marcylauren,10,TRUE,FALSE,,,RT @antonio4ca: DREAMers are a vital part of our communities and deserve permanent protection. #DreamAct https://t.co/RVD8xZt8H6
rt antonioca dreamers vital part communities deserve permanent protection dreamact ,FALSE,0,,2017-07-21T18:10:35Z,FALSE,,888461215713955841,,"<a href=""http://twitter.com/download/iphone"" rel=""nofollow"">Twitter for iPhone</a>",FrankSharry,10,TRUE,FALSE,,,RT @antonio4ca: DREAMers are a vital part of our communities and deserve permanent protection. #DreamAct https://t.co/RVD8xZt8H6
rt antonioca dreamers vital part communities deserve permanent protection dreamact ,FALSE,0,,2017-07-21T18:07:30Z,FALSE,,888460439708938240,,"<a href=""http://twitter.com"" rel=""nofollow"">Twitter Web Client</a>",leedsgarcia,10,TRUE,FALSE,,,RT @antonio4ca: DREAMers are a vital part of our communities and deserve permanent protection. #DreamAct https://t.co/RVD8xZt8H6
antonioca support repealing antirenter costa hawkins act,FALSE,0,,2017-07-21T16:48:40Z,FALSE,,888440601653280768,,"<a href=""http://twitter.com"" rel=""nofollow"">Twitter Web Client</a>",Marv1nCal,0,FALSE,FALSE,,,.@antonio4ca Do you support repealing the anti-renter Costa Hawkins Act?
antonioca running public office means telling public stand policy,FALSE,0,Marv1nCal,2017-07-21T16:44:50Z,FALSE,888075632873062400,888439637714255872,887898759476125696,"<a href=""http://twitter.com"" rel=""nofollow"">Twitter Web Client</a>",Marv1nCal,0,FALSE,FALSE,,,@antonio4ca Running for public office means telling the public where you stand on policy
antonioca disagree statement,FALSE,0,antonio4ca,2017-07-21T13:27:51Z,FALSE,888104743456784389,888390063695904768,607856488,"<a href=""http://twitter.com/download/iphone"" rel=""nofollow"">Twitter for iPhone</a>",AngryJackhole,0,FALSE,FALSE,,,@antonio4ca Disagree with this statement...
antonioca ever connected herbalife,FALSE,0,antonio4ca,2017-07-21T06:09:36Z,FALSE,,888279773968859136,607856488,"<a href=""http://twitter.com/download/iphone"" rel=""nofollow"">Twitter for iPhone</a>",lisazedlar,0,FALSE,FALSE,,,@antonio4ca why would you ever be connected with #Herbalife
rt antonioca need governor comfortable every community ,FALSE,0,,2017-07-21T04:39:22Z,FALSE,,888257066233610246,,"<a href=""http://twitter.com/download/android"" rel=""nofollow"">Twitter for Android</a>",Mariop_AmA,4,TRUE,FALSE,,,"RT @antonio4ca: ""We need a governor that is comfortable in every community"" https://t.co/KKWxHgXDny"
betateachers marshalltuck antonioca win,FALSE,0,BetaTeachers,2017-07-21T01:56:56Z,FALSE,888214741960740864,888216189817704449,64493079,"<a href=""http://twitter.com/download/iphone"" rel=""nofollow"">Twitter for iPhone</a>",antzona,0,FALSE,FALSE,,,@BetaTeachers What if @MarshallTuck and @antonio4ca win?
rt antonioca need governor comfortable every community ,FALSE,0,,2017-07-21T00:22:35Z,FALSE,,888192447360192512,,"<a href=""http://twitter.com/download/iphone"" rel=""nofollow"">Twitter for iPhone</a>",BoutrisGroup,4,TRUE,FALSE,,,"RT @antonio4ca: ""We need a governor that is comfortable in every community"" https://t.co/KKWxHgXDny"
laprensasd borderangels antonioca big mistake enrique amp rubengluengas knows first hand ,FALSE,0,LaPrensaSD,2017-07-20T22:58:46Z,FALSE,888099499138142208,888171354113036288,614854580,"<a href=""http://twitter.com"" rel=""nofollow"">Twitter Web Client</a>",314LoveMachine,0,FALSE,FALSE,,,@LaPrensaSD @Border_Angels @antonio4ca Big Mistake Enrique ! &amp; @RubenGLuengas knows first hand why.
rt xborderconsul hoy tuvimos caf con leche con nuestros amigos de borderangels y el exalcalde de los ngeles antonioca ,FALSE,0,,2017-07-20T22:54:18Z,FALSE,,888170228491837440,,"<a href=""http://twitter.com/download/iphone"" rel=""nofollow"">Twitter for iPhone</a>",Border_Angels,6,TRUE,FALSE,,,"RT @XBorderConsul: Hoy tuvimos ""Caf√© con leche"" ‚òïÔ∏èÌ†æÌµõcon nuestros amigos de @Border_Angels y el ex-alcalde de Los √Ångeles @antonio4ca https:/‚Ä¶"
rt xborderconsul hoy tuvimos caf con leche con nuestros amigos de borderangels y el exalcalde de los ngeles antonioca ,FALSE,0,,2017-07-20T22:54:02Z,FALSE,,888170159591931904,,"<a href=""http://twitter.com/download/iphone"" rel=""nofollow"">Twitter for iPhone</a>",_albertocepeda,6,TRUE,FALSE,,,"RT @XBorderConsul: Hoy tuvimos ""Caf√© con leche"" ‚òïÔ∏èÌ†æÌµõcon nuestros amigos de @Border_Angels y el ex-alcalde de Los √Ångeles @antonio4ca https:/‚Ä¶"
rt antonioca un honor haber desayunado con borderangels y quienes apoyan esta gran organizacin de voluntarios que ayudan los que cr,FALSE,0,,2017-07-20T22:53:43Z,FALSE,,888170079673761792,,"<a href=""http://twitter.com/download/iphone"" rel=""nofollow"">Twitter for iPhone</a>",_albertocepeda,4,TRUE,FALSE,,,RT @antonio4ca: Un honor haber desayunado con @Border_Angels y quienes apoyan esta gran organizaci√≥n de voluntarios que ayudan a los que cr‚Ä¶
rt laprensasd great antonioca breakfast event cafeconleche cohosted borderangels watch talk ,FALSE,0,,2017-07-20T22:53:22Z,FALSE,,888169991740153856,,"<a href=""http://twitter.com/download/iphone"" rel=""nofollow"">Twitter for iPhone</a>",_albertocepeda,2,TRUE,FALSE,,,RT @LaPrensaSD: It was great having @antonio4ca for our breakfast event #CafeconLeche co-hosted with @Border_Angels watch his talk: https:/‚Ä¶
rt antonioca un honor haber desayunado con borderangels y quienes apoyan esta gran organizacin de voluntarios que ayudan los que cr,FALSE,0,,2017-07-20T22:53:08Z,FALSE,,888169936014557184,,"<a href=""http://twitter.com/download/iphone"" rel=""nofollow"">Twitter for iPhone</a>",Border_Angels,4,TRUE,FALSE,,,RT @antonio4ca: Un honor haber desayunado con @Border_Angels y quienes apoyan esta gran organizaci√≥n de voluntarios que ayudan a los que cr‚Ä¶
rt laprensasd great antonioca breakfast event cafeconleche cohosted borderangels watch talk ,FALSE,0,,2017-07-20T22:53:02Z,FALSE,,888169910857105409,,"<a href=""http://twitter.com/download/iphone"" rel=""nofollow"">Twitter for iPhone</a>",Border_Angels,2,TRUE,FALSE,,,RT @LaPrensaSD: It was great having @antonio4ca for our breakfast event #CafeconLeche co-hosted with @Border_Angels watch his talk: https:/‚Ä¶
rt brennabee leaders luncheon emerging political leaders hosted sjchcc ty keynote antonioca sjchcc ,FALSE,0,,2017-07-20T22:29:04Z,FALSE,,888163879183826944,,"<a href=""http://twitter.com/download/iphone"" rel=""nofollow"">Twitter for iPhone</a>",redtruckdotus,4,TRUE,FALSE,,,RT @BrennaBee: Leaders Luncheon on emerging political leaders hosted by @sjchcc TY keynote @antonio4ca #sjchcc https://t.co/TzNiPtrboN
rt brennabee leaders luncheon emerging political leaders hosted sjchcc ty keynote antonioca sjchcc ,FALSE,0,,2017-07-20T22:21:46Z,FALSE,,888162041365544960,,"<a href=""http://twitter.com/download/iphone"" rel=""nofollow"">Twitter for iPhone</a>",NicoleFair_Open,4,TRUE,FALSE,,,RT @BrennaBee: Leaders Luncheon on emerging political leaders hosted by @sjchcc TY keynote @antonio4ca #sjchcc https://t.co/TzNiPtrboN
hyperloop ca based let ny beat us mayorofla mayoredlee jerrybrowngov gavinnewsom antonioca ,FALSE,0,,2017-07-20T19:10:32Z,TRUE,,888113914088570880,,"<a href=""https://mobile.twitter.com"" rel=""nofollow"">Twitter Lite</a>",_Duze,0,FALSE,FALSE,,,#Hyperloop is CA based! Don't let NY beat us to it! @MayorOfLA @mayoredlee @JerryBrownGov @GavinNewsom @antonio4ca‚Ä¶ https://t.co/AocjSSc1Kq
rt antonioca un honor haber desayunado con borderangels y quienes apoyan esta gran organizacin de voluntarios que ayudan los que cr,FALSE,0,,2017-07-20T19:06:35Z,FALSE,,888112919996542976,,"<a href=""http://twitter.com/download/android"" rel=""nofollow"">Twitter for Android</a>",Mariop_AmA,4,TRUE,FALSE,,,RT @antonio4ca: Un honor haber desayunado con @Border_Angels y quienes apoyan esta gran organizaci√≥n de voluntarios que ayudan a los que cr‚Ä¶
rt antonioca un honor haber desayunado con borderangels y quienes apoyan esta gran organizacin de voluntarios que ayudan los que cr,FALSE,0,,2017-07-20T19:02:34Z,FALSE,,888111910654169089,,"<a href=""http://twitter.com/download/iphone"" rel=""nofollow"">Twitter for iPhone</a>",LaPrensaSD,4,TRUE,FALSE,,,RT @antonio4ca: Un honor haber desayunado con @Border_Angels y quienes apoyan esta gran organizaci√≥n de voluntarios que ayudan a los que cr‚Ä¶
antonioca yes antonioforcalifornia,FALSE,0,antonio4ca,2017-07-20T18:43:46Z,FALSE,888104743456784389,888107178615201792,607856488,"<a href=""http://twitter.com/download/iphone"" rel=""nofollow"">Twitter for iPhone</a>",the_ocon_,0,FALSE,FALSE,,,@antonio4ca Yes we do! #AntonioforCalifornia
antonioca great see met originally shaolinmonks performed downtown ,FALSE,0,antonio4ca,2017-07-20T18:34:16Z,FALSE,,888104789380276224,607856488,"<a href=""http://twitter.com"" rel=""nofollow"">Twitter Web Client</a>",KatTalesTV,0,FALSE,FALSE,,,@antonio4ca Great to see you again. We met originally when the #ShaolinMonks performed downtown https://t.co/dbfqyIrbwz
rt xborderconsul hoy tuvimos caf con leche con nuestros amigos de borderangels y el exalcalde de los ngeles antonioca ,FALSE,0,,2017-07-20T18:14:30Z,FALSE,,888099814780526592,,"<a href=""https://about.twitter.com/products/tweetdeck"" rel=""nofollow"">TweetDeck</a>",antonio4ca,6,TRUE,FALSE,,,"RT @XBorderConsul: Hoy tuvimos ""Caf√© con leche"" ‚òïÔ∏èÌ†æÌµõcon nuestros amigos de @Border_Angels y el ex-alcalde de Los √Ångeles @antonio4ca https:/‚Ä¶"
 great antonioca breakfast event cafeconleche cohosted borderangels watch talk ,FALSE,2,,2017-07-20T18:13:15Z,TRUE,,888099499138142208,,"<a href=""http://twitter.com/download/iphone"" rel=""nofollow"">Twitter for iPhone</a>",LaPrensaSD,2,FALSE,FALSE,,,It was great having @antonio4ca for our breakfast event #CafeconLeche co-hosted with @Border_Angels watch his talk:‚Ä¶ https://t.co/RNwd6E9utu
hoy tuvimos caf con leche con nuestros amigos de borderangels y el exalcalde de los ngeles antonioca ,FALSE,11,,2017-07-20T17:51:38Z,FALSE,,888094059947937795,,"<a href=""http://twitter.com/download/iphone"" rel=""nofollow"">Twitter for iPhone</a>",XBorderConsul,6,FALSE,FALSE,,,"Hoy tuvimos ""Caf√© con leche"" ‚òïÔ∏èÌ†æÌµõcon nuestros amigos de @Border_Angels y el ex-alcalde de Los √Ångeles @antonio4ca https://t.co/nTMvefVZUh"
borderangels happy see antonioca collaborating border angels notmore nobannowall resistance ,FALSE,1,Border_Angels,2017-07-20T17:28:14Z,TRUE,888075283374325761,888088171912740864,2315998309,"<a href=""http://twitter.com/download/android"" rel=""nofollow"">Twitter for Android</a>",almaramirez69,0,FALSE,FALSE,,,@Border_Angels happy to see @antonio4ca  collaborating with Border Angels #not1more #NoBanNoWall #Resistance‚Ä¶ https://t.co/G6o2WEOrjA
antonioca emailed called campaign questions affordable housing answer voter need know stand,FALSE,0,,2017-07-20T16:38:25Z,FALSE,,888075632873062400,,"<a href=""http://twitter.com"" rel=""nofollow"">Twitter Web Client</a>",Marv1nCal,0,FALSE,FALSE,,,".@antonio4ca I emailed and called your campaign with questions about affordable housing, why no answer? Voter need to know where you stand"
rt antonioca campaign giving voice every californian please share voice vision california dream ,FALSE,0,,2017-07-20T15:22:33Z,FALSE,,888056542267711488,,"<a href=""http://twitter.com"" rel=""nofollow"">Twitter Web Client</a>",TayJohnsont991,3,TRUE,FALSE,,,"RT @antonio4ca: This campaign is about giving voice to every Californian. Please share your voice, your vision, you California dream https:‚Ä¶"
nationalherald worstallyever turkey helleniccouncil antonioca theahiindc greekreporter thecyprusweekly cnrcy bloombergathens,FALSE,2,NationalHerald,2017-07-20T10:50:30Z,FALSE,887985355626098688,887988077179920385,82347945,"<a href=""http://twitter.com/#!/download/ipad"" rel=""nofollow"">Twitter for iPad</a>",BoutrisGroup,0,FALSE,FALSE,,,@NationalHerald #WorstAllyEver #Turkey @HellenicCouncil @antonio4ca @TheAHIinDC @GreekReporter @TheCyprusWeekly @cnrcy @BloombergAthens
rt antonioca american put country party patty amp send best wishes  senjohnmccain amp family prepares  def,FALSE,0,,2017-07-20T06:11:22Z,FALSE,,887917833459453952,,"<a href=""http://twitter.com/download/iphone"" rel=""nofollow"">Twitter for iPhone</a>",lumendoz,8,TRUE,FALSE,,,RT @antonio4ca: An American who put country before party. Patty &amp; I send our best wishes 2 @SenJohnMcCain &amp; his family as he prepares 2 def‚Ä¶
rt antonioca campaign giving voice every californian please share voice vision california dream ,FALSE,0,,2017-07-20T03:13:34Z,FALSE,,887873086078504961,,"<a href=""http://twitter.com/download/android"" rel=""nofollow"">Twitter for Android</a>",Mariop_AmA,3,TRUE,FALSE,,,"RT @antonio4ca: This campaign is about giving voice to every Californian. Please share your voice, your vision, you California dream https:‚Ä¶"
rt antonioca american put country party patty amp send best wishes  senjohnmccain amp family prepares  def,FALSE,0,,2017-07-20T02:47:02Z,FALSE,,887866411598708736,,"<a href=""http://twitter.com/download/android"" rel=""nofollow"">Twitter for Android</a>",Mariop_AmA,8,TRUE,FALSE,,,RT @antonio4ca: An American who put country before party. Patty &amp; I send our best wishes 2 @SenJohnMcCain &amp; his family as he prepares 2 def‚Ä¶
rt antonioca american put country party patty amp send best wishes  senjohnmccain amp family prepares  def,FALSE,0,,2017-07-20T01:59:25Z,FALSE,,887854428446900224,,"<a href=""http://twitter.com/download/iphone"" rel=""nofollow"">Twitter for iPhone</a>",ArtArtistArte,8,TRUE,FALSE,,,RT @antonio4ca: An American who put country before party. Patty &amp; I send our best wishes 2 @SenJohnMcCain &amp; his family as he prepares 2 def‚Ä¶
rt antonioca american put country party patty amp send best wishes  senjohnmccain amp family prepares  def,FALSE,0,,2017-07-20T01:55:52Z,FALSE,,887853533034409985,,"<a href=""http://twitter.com/download/iphone"" rel=""nofollow"">Twitter for iPhone</a>",ArTallks,8,TRUE,FALSE,,,RT @antonio4ca: An American who put country before party. Patty &amp; I send our best wishes 2 @SenJohnMcCain &amp; his family as he prepares 2 def‚Ä¶
rt antonioca american put country party patty amp send best wishes  senjohnmccain amp family prepares  def,FALSE,0,,2017-07-20T01:40:35Z,FALSE,,887849687742423040,,"<a href=""http://twitter.com/download/android"" rel=""nofollow"">Twitter for Android</a>",hollywoodblvd1,8,TRUE,FALSE,,,RT @antonio4ca: An American who put country before party. Patty &amp; I send our best wishes 2 @SenJohnMcCain &amp; his family as he prepares 2 def‚Ä¶
rt antonioca american put country party patty amp send best wishes  senjohnmccain amp family prepares  def,FALSE,0,,2017-07-20T01:19:00Z,FALSE,,887844254751440898,,"<a href=""http://twitter.com/download/iphone"" rel=""nofollow"">Twitter for iPhone</a>",thedon1998,8,TRUE,FALSE,,,RT @antonio4ca: An American who put country before party. Patty &amp; I send our best wishes 2 @SenJohnMcCain &amp; his family as he prepares 2 def‚Ä¶
rt antonioca american put country party patty amp send best wishes  senjohnmccain amp family prepares  def,FALSE,0,,2017-07-20T01:00:06Z,FALSE,,887839500230995968,,"<a href=""http://twitter.com/download/iphone"" rel=""nofollow"">Twitter for iPhone</a>",Korinke,8,TRUE,FALSE,,,RT @antonio4ca: An American who put country before party. Patty &amp; I send our best wishes 2 @SenJohnMcCain &amp; his family as he prepares 2 def‚Ä¶
rt antonioca american put country party patty amp send best wishes  senjohnmccain amp family prepares  def,FALSE,0,,2017-07-20T00:50:50Z,FALSE,,887837169062002688,,"<a href=""http://twitter.com/download/iphone"" rel=""nofollow"">Twitter for iPhone</a>",_KennyUong_,8,TRUE,FALSE,,,RT @antonio4ca: An American who put country before party. Patty &amp; I send our best wishes 2 @SenJohnMcCain &amp; his family as he prepares 2 def‚Ä¶
rinehart halejesus senkamalaharris hey kammy morals identical gavinnewsom ,FALSE,0,rinehart3576,2017-07-19T23:38:54Z,TRUE,887717739309281282,887819062746558464,1326082656,"<a href=""http://twitter.com/download/android"" rel=""nofollow"">Twitter for Android</a>",Patriot_in_CA,0,FALSE,FALSE,,,"@rinehart3576 @hale4jesus @SenKamalaHarris Hey Kammy, your morals identical to those of @GavinNewsom and‚Ä¶ https://t.co/nbLaBjV3LY"
rt antonioca campaign giving voice every californian please share voice vision california dream ,FALSE,0,,2017-07-19T22:14:31Z,FALSE,,887797828881326080,,"<a href=""http://twitter.com"" rel=""nofollow"">Twitter Web Client</a>",JonahRosenbaum,3,TRUE,FALSE,,,"RT @antonio4ca: This campaign is about giving voice to every Californian. Please share your voice, your vision, you California dream https:‚Ä¶"
coding justice harvard law today antonioca kamalaharris cadavejones demetriboutris yaleisp mit ,FALSE,0,,2017-07-19T21:50:28Z,FALSE,,887791775703867392,,"<a href=""http://twitter.com/download/iphone"" rel=""nofollow"">Twitter for iPhone</a>",BoutrisGroup,0,FALSE,FALSE,,,Coding for Justice - Harvard Law Today @antonio4ca @KamalaHarris @CA_DaveJones #DemetriBoutris @yaleisp @MIT  https://t.co/jyxTPXPVJ2
rt latinolpforum sanjoaquin county hispanic chamber sjchcc president bob gutierrez votebobg welcomes antonio villaraigosa antonioca t,FALSE,0,,2017-07-19T20:24:22Z,FALSE,,887770106607960064,,"<a href=""http://twitter.com/download/iphone"" rel=""nofollow"">Twitter for iPhone</a>",sjchcc,1,TRUE,FALSE,,,RT @LatinoLPForum: SanJoaquin County Hispanic Chamber @sjchcc President Bob Gutierrez @votebobg welcomes Antonio Villaraigosa @antonio4ca t‚Ä¶
sanjoaquin county hispanic chamber sjchcc president bob gutierrez votebobg welcomes antonio villaraigosa ,FALSE,1,,2017-07-19T20:22:47Z,TRUE,,887769711278084097,,"<a href=""http://twitter.com"" rel=""nofollow"">Twitter Web Client</a>",LatinoLPForum,1,FALSE,FALSE,,,SanJoaquin County Hispanic Chamber @sjchcc President Bob Gutierrez @votebobg welcomes Antonio Villaraigosa‚Ä¶ https://t.co/87XbAulZta
icegov pos shit neighbor thx icegov realdonaldtrump kdeleon lapdchiefbeck ,FALSE,0,ICEgov,2017-07-19T20:11:26Z,TRUE,887750722099564545,887766855401619456,39384517,"<a href=""http://twitter.com/#!/download/ipad"" rel=""nofollow"">Twitter for iPad</a>",CGordon45,0,FALSE,FALSE,,,"@ICEgov This POS shit could be my Neighbor   
Thx @ICEgov Ì†ΩÌ±çÌ†ºÌøø
@realDonaldTrump @kdeleon @LAPDChiefBeck‚Ä¶ https://t.co/vtmmjocITe"
antonioca timely reminder  gubernatorial candidate antonio villaraigosa paramount community co ,FALSE,0,antonio4ca,2017-07-19T19:06:04Z,TRUE,,887750405442093056,607856488,"<a href=""http://twitter.com"" rel=""nofollow"">Twitter Web Client</a>",AgainstToxins,0,FALSE,FALSE,,,@antonio4ca A Timely Reminder for 2018 gubernatorial candidate Antonio Villaraigosa from the Paramount Community Co‚Ä¶ https://t.co/FOrIGQN8Xn
antonioca timely reminder  gubernatorial candidate antonio villaraigosa paramount community co ,FALSE,0,antonio4ca,2017-07-19T18:54:02Z,TRUE,,887747374881189888,607856488,"<a href=""http://twitter.com"" rel=""nofollow"">Twitter Web Client</a>",AgainstToxins,0,FALSE,FALSE,,,@antonio4ca A Timely Reminder for 2018 gubernatorial candidate Antonio Villaraigosa from the Paramount Community Co‚Ä¶ https://t.co/shdgn8stOW
srdd senkamalaharris always stood law order morals lack thereof dems gavinnewsom antonioca ,FALSE,0,SR1DD,2017-07-19T18:42:06Z,FALSE,887743106849943552,887744370732027904,1462278134,"<a href=""http://twitter.com/download/android"" rel=""nofollow"">Twitter for Android</a>",Patriot_in_CA,1,FALSE,FALSE,,,"@SR1DD @SenKamalaHarris has always stood against law and order. She has same morals, or lack thereof, as DEMS @GavinNewsom @antonio4ca Ì†ΩÌ∏ÇÌ†ΩÌ∏Ç"
 antonioca antonio villaraigosa wear elevator shoes according fellow passenger plane sacramento,FALSE,0,,2017-07-19T16:19:54Z,FALSE,,887708585647521792,,"<a href=""http://twitter.com/#!/download/ipad"" rel=""nofollow"">Twitter for iPad</a>",Jack90020,0,FALSE,FALSE,,,Does @antonio4ca Antonio Villaraigosa wear elevator shoes? This according to a fellow passenger on the plane to Sacramento.
wow see think antonioca jerrybrowngov best successor need mayorofla ,FALSE,0,,2017-07-19T07:48:14Z,FALSE,,887579819256446976,,"<a href=""http://twitter.com/download/iphone"" rel=""nofollow"">Twitter for iPhone</a>",pinkyracr,0,FALSE,FALSE,,,"Wow! See, this is why I think @antonio4ca would be @JerryBrownGov best successor. We need more of these, @MayorOfLA https://t.co/yeSKgmCqTL"
thank delaineeastin sponsorship smcdems summer bbq antonioca gavinnewsom johnchiangca,FALSE,1,,2017-07-19T01:54:42Z,FALSE,,887490852821516293,,"<a href=""http://twitter.com/download/iphone"" rel=""nofollow"">Twitter for iPhone</a>",SMCDEMS,0,FALSE,FALSE,,,Thank you @DelaineEastin for you sponsorship of the SMCDEMS Summer BBQ https://t.co/yEC5hGo1XM @antonio4ca @GavinNewsom @JohnChiangCA
rt almendracarpizo antonio villaraigosa antonioca stops visit mexican heritage center stockton ,FALSE,0,,2017-07-19T01:23:49Z,FALSE,,887483080679628800,,"<a href=""http://twitter.com/download/iphone"" rel=""nofollow"">Twitter for iPhone</a>",noirhummingbird,3,TRUE,FALSE,,,RT @AlmendraCarpizo: Antonio Villaraigosa (@antonio4ca) stops for visit at Mexican Heritage Center in #Stockton  https://t.co/fD4q5QgeO4
crowdpac antonioca promoting violent rapist enslavement pedophilia felony,FALSE,0,Crowdpac,2017-07-18T22:48:53Z,FALSE,887442612638146560,887444089376997376,2282706721,"<a href=""http://twitter.com"" rel=""nofollow"">Twitter Web Client</a>",FreedTV,0,FALSE,FALSE,,,@Crowdpac @antonio4ca Promoting VIOLENT RAPIST ENSLAVEMENT PEDOPHILIA is a FELONY!
rt crowdpac check antonioca democratic candidate running governor california ,FALSE,0,,2017-07-18T22:43:10Z,FALSE,,887442651498168320,,"<a href=""http://twitter.com/download/iphone"" rel=""nofollow"">Twitter for iPhone</a>",antonio4ca,1,TRUE,FALSE,,,"RT @Crowdpac: Check out @antonio4ca, the Democratic candidate running for Governor in California: https://t.co/3IjEJdbsLr https://t.co/KBbQ‚Ä¶"
check antonioca democratic candidate running governor california ,FALSE,8,,2017-07-18T22:43:01Z,FALSE,,887442612638146560,,"<a href=""https://about.twitter.com/products/tweetdeck"" rel=""nofollow"">TweetDeck</a>",Crowdpac,1,FALSE,FALSE,,,"Check out @antonio4ca, the Democratic candidate running for Governor in California: https://t.co/3IjEJdbsLr https://t.co/KBbQduKtPi"
rt elisebuik one favorite photos sons wanted photo mayor flat stanley antonioca always makes time ,FALSE,0,,2017-07-18T22:16:10Z,FALSE,,887435854335008768,,"<a href=""http://twitter.com"" rel=""nofollow"">Twitter Web Client</a>",antonio4ca,1,TRUE,FALSE,,,RT @EliseBuik: One of my favorite photos My sons wanted photo with mayor and flat Stanley!  @antonio4ca always makes time! https://t.co/0fx‚Ä¶
rt almendracarpizo antonio villaraigosa antonioca stops visit mexican heritage center stockton ,FALSE,0,,2017-07-18T22:14:24Z,FALSE,,887435412569956353,,"<a href=""http://twitter.com"" rel=""nofollow"">Twitter Web Client</a>",antonio4ca,3,TRUE,FALSE,,,RT @AlmendraCarpizo: Antonio Villaraigosa (@antonio4ca) stops for visit at Mexican Heritage Center in #Stockton  https://t.co/fD4q5QgeO4
antonio villaraigosa antonioca stops visit mexican heritage center stockton ,FALSE,11,,2017-07-18T21:59:34Z,FALSE,,887431676812435456,,"<a href=""http://twitter.com/download/iphone"" rel=""nofollow"">Twitter for iPhone</a>",AlmendraCarpizo,3,FALSE,FALSE,,,Antonio Villaraigosa (@antonio4ca) stops for visit at Mexican Heritage Center in #Stockton  https://t.co/fD4q5QgeO4
reporter almendracarpizo antonioca raigosa former mayor los angeles gubernatorial candidate dur ,FALSE,0,,2017-07-18T21:56:40Z,TRUE,,887430949104898048,,"<a href=""https://about.twitter.com/products/tweetdeck"" rel=""nofollow"">TweetDeck</a>",JoeGoldeen,0,FALSE,FALSE,,,"Reporter @AlmendraCarpizo was with @antonio4ca Raigosa, former mayor of Los Angeles and gubernatorial candidate dur‚Ä¶ https://t.co/SSfvAo8GOl"
one favorite photos sons wanted photo mayor flat stanley antonioca always makes time ,FALSE,9,,2017-07-18T21:42:44Z,FALSE,,887427441882316800,,"<a href=""http://twitter.com/download/iphone"" rel=""nofollow"">Twitter for iPhone</a>",EliseBuik,1,FALSE,FALSE,,,One of my favorite photos My sons wanted photo with mayor and flat Stanley!  @antonio4ca always makes time! https://t.co/0fx0rj5Bog
latinostrategy ccadelago jerrybrowngov gilduran gavinnewsom johnchiangca antonioca delaineeastin cadem ,FALSE,0,latinostrategy,2017-07-18T21:40:27Z,TRUE,887426153291563008,887426867635961856,711435216,"<a href=""https://about.twitter.com/products/tweetdeck"" rel=""nofollow"">TweetDeck</a>",CapitolAlert,0,FALSE,FALSE,,,@latinostrategy @ccadelago @JerryBrownGov @gilduran76 @GavinNewsom @JohnChiangCA @antonio4ca @DelaineEastin @CA_Dem‚Ä¶ https://t.co/UvPWn24y4w
ccadelago jerrybrowngov gilduran gavinnewsom johnchiangca antonioca delaineeastin cadem cagop ,FALSE,0,ccadelago,2017-07-18T21:37:37Z,TRUE,887425141931524096,887426153291563008,14776082,"<a href=""http://twitter.com"" rel=""nofollow"">Twitter Web Client</a>",latinostrategy,0,FALSE,FALSE,,,@ccadelago @JerryBrownGov @gilduran76 @GavinNewsom @JohnChiangCA @antonio4ca @DelaineEastin @CA_Dem @CAGOP‚Ä¶ https://t.co/fmTAwWwhT7
rt iamsteflawless marcogutierrez antonioca helps smuggle drugs mx blames black folks l inner cities mayorofla jer,FALSE,0,,2017-07-18T21:36:05Z,FALSE,,887425770422886400,,"<a href=""https://mobile.twitter.com"" rel=""nofollow"">Twitter Lite</a>",IAMStefLawless,2,TRUE,FALSE,,,"RT @IAMStefLawless: @MarcoGutierrez .@antonio4CA helps smuggle drugs from MX blames it on black folks in L.A. Inner cities, @MayorOfLA @Jer‚Ä¶"
rt davidgarcia antonioca sjchcc luncheon governor will csu stockton ,FALSE,0,,2017-07-18T20:55:29Z,FALSE,,887415551173173248,,"<a href=""http://twitter.com/download/iphone"" rel=""nofollow"">Twitter for iPhone</a>",johnmyers,5,TRUE,FALSE,,,"RT @DavidGarcia209: @antonio4ca at @sjchcc luncheon: ""if I'm governor, there will be a CSU Stockton"" https://t.co/6JFMPvyS4r"
rt davidgarcia antonioca sjchcc luncheon governor will csu stockton ,FALSE,0,,2017-07-18T20:54:47Z,FALSE,,887415374857125888,,"<a href=""http://twitter.com"" rel=""nofollow"">Twitter Web Client</a>",antonio4ca,5,TRUE,FALSE,,,"RT @DavidGarcia209: @antonio4ca at @sjchcc luncheon: ""if I'm governor, there will be a CSU Stockton"" https://t.co/6JFMPvyS4r"
rt davidgarcia antonioca sjchcc luncheon governor will csu stockton ,FALSE,0,,2017-07-18T19:50:48Z,FALSE,,887399273150545921,,"<a href=""http://twitter.com/download/iphone"" rel=""nofollow"">Twitter for iPhone</a>",votebobg,5,TRUE,FALSE,,,"RT @DavidGarcia209: @antonio4ca at @sjchcc luncheon: ""if I'm governor, there will be a CSU Stockton"" https://t.co/6JFMPvyS4r"
rt brennabee leaders luncheon emerging political leaders hosted sjchcc ty keynote antonioca sjchcc ,FALSE,0,,2017-07-18T19:48:39Z,FALSE,,887398731280142336,,"<a href=""http://twitter.com/download/iphone"" rel=""nofollow"">Twitter for iPhone</a>",votebobg,4,TRUE,FALSE,,,RT @BrennaBee: Leaders Luncheon on emerging political leaders hosted by @sjchcc TY keynote @antonio4ca #sjchcc https://t.co/TzNiPtrboN
leaders luncheon emerging political leaders hosted sjchcc ty keynote antonioca sjchcc ,FALSE,4,,2017-07-18T19:40:45Z,FALSE,,887396746061426688,,"<a href=""http://twitter.com/download/iphone"" rel=""nofollow"">Twitter for iPhone</a>",BrennaBee,4,FALSE,FALSE,,,Leaders Luncheon on emerging political leaders hosted by @sjchcc TY keynote @antonio4ca #sjchcc https://t.co/TzNiPtrboN
